role,name,nickname,nickname_normalized,email,password,birth_date,created_at,profile_image_url
1,Richard Edwards,josephreid,josephreid,nsanchez@example.org,Z78$l5_c&O,1982-05-13,2024-02-26 22:38:57,https://mure-bucket.s3.amazonaws.com/rider-196.jpg
1,Cynthia Montgomery,philipknight,philipknight,coryrivera@example.net,5qRRHQ^c*Q,1967-11-30,2024-02-17 10:25:43,https://mure-bucket.s3.amazonaws.com/rider-88.jpg
1,Jennifer Morrison,orramy,orramy,melanie25@example.com,#UTBFG(ny6,1984-07-28,2024-07-08 12:58:26,https://mure-bucket.s3.amazonaws.com/dog.198.jpg
1,Andrew Murray,penatamara,penatamara,qgross@example.com,J1I*oQsv_N,1999-07-25,2024-06-01 19:44:30,https://mure-bucket.s3.amazonaws.com/dog.66.jpg
1,Julie Cox,skaufman,skaufman,cmartin@example.net,(6Ei%dQq$#,2011-08-11,2024-01-12 23:51:35,https://mure-bucket.s3.amazonaws.com/cat.181.jpg
1,Patricia Smith,fstevenson,fstevenson,mthompson@example.net,z0KHPSX&^v,1975-02-27,2024-02-01 21:57:18,https://mure-bucket.s3.amazonaws.com/dog.26.jpg
1,Nicholas Hubbard,derricksantiago,derricksantiago,jacob02@example.com,#p6Vna#d@B,2004-08-04,2024-05-04 07:24:45,https://mure-bucket.s3.amazonaws.com/rider-36.jpg
1,Tiffany Smith,noconnor,noconnor,kimberly41@example.org,33V3qOsl)f,1990-08-07,2024-06-25 00:32:20,https://mure-bucket.s3.amazonaws.com/dog.49.jpg
1,Patricia Dunn,melissabeck,melissabeck,laceysmith@example.net,fO5$VGJpO&,1954-02-16,2024-06-21 10:03:26,https://mure-bucket.s3.amazonaws.com/rider-73.jpg
1,Sarah Benson,bgriffin,bgriffin,charlotte74@example.net,t1xJxn_w#l,1997-03-01,2024-02-05 22:32:33,https://mure-bucket.s3.amazonaws.com/dog.17.jpg
1,Mr. Daniel Garner,natasha96,natasha96,bishopkenneth@example.com,V#1LAujLUv,1997-05-06,2024-05-01 11:38:32,https://mure-bucket.s3.amazonaws.com/dog.63.jpg
1,Caitlyn Harris,rcampbell,rcampbell,rogerskaitlyn@example.org,yG5Gvw*g$_,2002-11-15,2024-02-08 09:45:00,https://mure-bucket.s3.amazonaws.com/cat.24.jpg
1,Clarence Anthony,kbell,kbell,wpeterson@example.net,)2K0vOZj(W,1990-03-23,2024-03-05 05:27:41,https://mure-bucket.s3.amazonaws.com/cat.185.jpg
1,Christian Pennington,oconnormiguel,oconnormiguel,vasquezricky@example.com,Q9peO(lk^f,1988-08-06,2024-05-01 19:28:46,https://mure-bucket.s3.amazonaws.com/cat.49.jpg
1,Andrea Price,wgonzalez,wgonzalez,torresregina@example.com,a+MkANOb@4,1994-11-13,2024-03-02 09:56:40,https://mure-bucket.s3.amazonaws.com/cat.69.jpg
1,Ronald Everett,sanchezdana,sanchezdana,amy12@example.org,#+h0R0EX6l,1979-02-27,2024-06-01 12:49:34,https://mure-bucket.s3.amazonaws.com/dog.63.jpg
1,Bill Robinson,blopez,blopez,billymoore@example.org,$v1J+8oO+q,1974-12-03,2024-03-08 04:12:31,https://mure-bucket.s3.amazonaws.com/rider-31.jpg
1,Jason Calhoun,nathanielwilcox,nathanielwilcox,jennifer81@example.com,j2rBkdm#(F,2010-09-25,2024-01-22 11:32:39,https://mure-bucket.s3.amazonaws.com/dog.91.jpg
1,Lynn Murphy,sheiladean,sheiladean,iwalker@example.net,%Q#FnP6u25,1992-07-08,2024-03-23 15:34:32,https://mure-bucket.s3.amazonaws.com/rider-116.jpg
1,Gabriel Turner,umiller,umiller,pmills@example.com,O57E#3k(K*,1985-06-28,2024-07-10 20:13:24,https://mure-bucket.s3.amazonaws.com/cat.105.jpg
1,James Munoz,jamie32,jamie32,aliciacampos@example.net,V6xiHR4q!s,2009-06-13,2024-03-17 02:26:36,https://mure-bucket.s3.amazonaws.com/dog.146.jpg
1,Kristin Garcia,lwalker,lwalker,rhonda59@example.net,B%0MaE^z)C,1967-04-14,2024-04-13 19:22:37,https://mure-bucket.s3.amazonaws.com/cat.91.jpg
1,Kimberly Wilson,rubenpeterson,rubenpeterson,zachary17@example.com,!0FM9iHvot,2002-10-02,2024-04-05 18:25:49,https://mure-bucket.s3.amazonaws.com/rider-62.jpg
1,Angela Henderson,michaeljohnson,michaeljohnson,efrank@example.net,@Q0P0t@^Gy,1973-05-24,2024-02-11 11:44:07,https://mure-bucket.s3.amazonaws.com/dog.135.jpg
1,Scott Carlson,kevinowens,kevinowens,karen22@example.net,!2UIWl$L)B,1975-04-05,2024-04-23 06:39:14,https://mure-bucket.s3.amazonaws.com/dog.156.jpg
1,Lisa Gallagher,anthonybenjamin,anthonybenjamin,shahsarah@example.net,$RW@6XYk(4,1978-05-03,2024-06-16 21:24:25,https://mure-bucket.s3.amazonaws.com/cat.202.jpg
1,Mallory Montgomery,curtiszamora,curtiszamora,jsmith@example.com,f9%WwoGz*l,1977-01-10,2024-03-04 04:17:28,https://mure-bucket.s3.amazonaws.com/dog.3.jpg
1,Amanda Hill,dawn85,dawn85,timothy35@example.net,@3zoEPynVs,2011-07-05,2024-02-04 09:13:16,https://mure-bucket.s3.amazonaws.com/dog.79.jpg
1,Shawn Wallace,clarktracy,clarktracy,leemartin@example.com,8tHnTr9K)g,1959-01-17,2024-03-02 13:40:53,https://mure-bucket.s3.amazonaws.com/rider-200.jpg
1,Amy Miller,gberg,gberg,fmonroe@example.org,g9Jum@6H#v,2006-10-14,2024-05-20 13:32:59,https://mure-bucket.s3.amazonaws.com/rider-36.jpg
1,Christopher Esparza,josephpaul,josephpaul,eric08@example.net,*75iVz#8Cw,1973-03-11,2024-06-29 13:06:57,https://mure-bucket.s3.amazonaws.com/dog.130.jpg
1,Ryan Richards,gchavez,gchavez,paullong@example.net,_7(pA6dGpg,1975-12-19,2024-04-18 06:08:41,https://mure-bucket.s3.amazonaws.com/cat.89.jpg
1,Angela Clark,simondennis,simondennis,williamsmith@example.net,3#yX_Qi!%g,2011-10-30,2024-05-22 11:42:36,https://mure-bucket.s3.amazonaws.com/cat.25.jpg
1,Kevin Adams,anne52,anne52,christophersmith@example.org,+gC(eti+K8,1975-03-24,2024-03-06 20:35:25,https://mure-bucket.s3.amazonaws.com/rider-160.jpg
1,Michael Parker,jamesjones,jamesjones,xwilliams@example.org,S#2qVedw^v,1962-12-13,2024-05-29 19:39:21,https://mure-bucket.s3.amazonaws.com/rider-24.jpg
1,Sharon Schmidt,schmidtmonica,schmidtmonica,donaldwalker@example.net,17MpDmjf#W,1982-07-09,2024-03-01 00:48:22,https://mure-bucket.s3.amazonaws.com/dog.91.jpg
1,Anthony Anderson MD,torresnatasha,torresnatasha,millerjoshua@example.org,&tyoc0Kmq+,1974-04-19,2024-05-03 20:56:49,https://mure-bucket.s3.amazonaws.com/rider-188.jpg
1,Brandon Ford,kimsmith,kimsmith,ujones@example.com,W%w9%7OpTT,2005-07-20,2024-01-04 16:58:13,https://mure-bucket.s3.amazonaws.com/rider-157.jpg
1,Patricia Mcclure,zmoore,zmoore,zpatrick@example.com,M9O0sRaF(!,1962-12-21,2024-04-24 04:11:44,https://mure-bucket.s3.amazonaws.com/rider-121.jpg
1,Juan Payne,david19,david19,tmartinez@example.com,(ytvMMc6%0,1972-03-14,2024-02-13 07:18:17,https://mure-bucket.s3.amazonaws.com/rider-155.jpg
1,Dylan Owen,achambers,achambers,wrichardson@example.org,o$765ZplkI,1954-12-18,2024-04-15 03:50:37,https://mure-bucket.s3.amazonaws.com/rider-190.jpg
1,Meghan Copeland,zgomez,zgomez,xgomez@example.net,Q_fI8Zu&if,2010-12-04,2024-04-21 13:07:15,https://mure-bucket.s3.amazonaws.com/cat.198.jpg
1,Jessica Phillips,jamestracy,jamestracy,christopherjones@example.org,sa9Sg()%&s,1999-12-02,2024-03-11 19:00:36,https://mure-bucket.s3.amazonaws.com/dog.98.jpg
1,Donald Myers,kelsey29,kelsey29,ibailey@example.net,a%R1ETguQP,1967-11-30,2024-04-20 18:21:45,https://mure-bucket.s3.amazonaws.com/rider-194.jpg
1,Theresa Cook,derrick37,derrick37,lcoleman@example.org,N1JG9GVc!i,1973-01-29,2024-02-22 22:13:19,https://mure-bucket.s3.amazonaws.com/rider-196.jpg
1,Virginia Mccullough,lparker,lparker,duncankimberly@example.org,$%V7GvB43R,1982-05-02,2024-03-10 13:41:27,https://mure-bucket.s3.amazonaws.com/cat.146.jpg
1,Elizabeth Stewart,michael50,michael50,lunasteven@example.net,s+7^AZvcwI,1996-09-23,2024-02-03 10:02:08,https://mure-bucket.s3.amazonaws.com/rider-56.jpg
1,Justin Cooper,parkskelly,parkskelly,keith04@example.net,#2TEVZyK#q,1984-07-28,2024-05-22 17:51:41,https://mure-bucket.s3.amazonaws.com/cat.4.jpg
1,Gregory Proctor,mariawilson,mariawilson,kbrown@example.com,^L9WUtp*F*,2012-07-17,2024-04-04 02:58:09,https://mure-bucket.s3.amazonaws.com/dog.10.jpg
1,Monica Shelton,smithamy,smithamy,nathan01@example.net,uo3ZZzex8^,1987-01-11,2024-02-13 07:00:14,https://mure-bucket.s3.amazonaws.com/dog.28.jpg
1,David Shannon,melissacampbell,melissacampbell,fjones@example.net,%d)hMDgV!7,2000-12-12,2024-06-12 07:55:42,https://mure-bucket.s3.amazonaws.com/dog.53.jpg
1,Mary Sandoval,bakerchristina,bakerchristina,dodsonmichael@example.org,6c2QECLg@5,2008-11-12,2024-04-25 12:42:00,https://mure-bucket.s3.amazonaws.com/cat.172.jpg
1,Erica Williams,theodore89,theodore89,allenmatthew@example.org,l(xeaZV2Mo,1963-12-22,2024-07-13 09:42:26,https://mure-bucket.s3.amazonaws.com/cat.37.jpg
1,Valerie Haynes,meganmason,meganmason,emendoza@example.net,^a#F67(oH8,1971-09-21,2024-04-06 19:24:26,https://mure-bucket.s3.amazonaws.com/dog.42.jpg
1,Allison Young,marypeterson,marypeterson,guerrerojennifer@example.com,l1TCzgGG@P,2002-11-20,2024-06-28 05:28:56,https://mure-bucket.s3.amazonaws.com/rider-70.jpg
1,Claudia Knight,myerslaura,myerslaura,ugraham@example.com,%*ET81!b$1,2011-10-29,2024-01-11 18:08:03,https://mure-bucket.s3.amazonaws.com/rider-172.jpg
1,Emily Mason,wendymurray,wendymurray,qbecker@example.com,jf0WH*fV_E,1986-12-18,2024-01-21 15:46:56,https://mure-bucket.s3.amazonaws.com/dog.25.jpg
1,Carlos Gibson,lesliegriffin,lesliegriffin,hjohnson@example.com,^T+j%wuy@5,1964-01-29,2024-06-12 17:16:19,https://mure-bucket.s3.amazonaws.com/rider-74.jpg
1,Richard Wong,louisrich,louisrich,pbecker@example.net,C#rv2XyvG_,1966-07-20,2024-05-14 00:31:09,https://mure-bucket.s3.amazonaws.com/dog.85.jpg
1,Justin Jones,lopezrobert,lopezrobert,grantalbert@example.org,b7FsaGZ1+_,1976-02-14,2024-03-21 20:04:11,https://mure-bucket.s3.amazonaws.com/dog.137.jpg
1,Jennifer Lloyd,santiagomatthew,santiagomatthew,usanders@example.net,@6HPf8+v44,1956-01-04,2024-01-01 23:03:55,https://mure-bucket.s3.amazonaws.com/dog.8.jpg
1,Kelly Ross,dustin89,dustin89,jonesdanny@example.org,G94N+0ai*L,1987-04-19,2024-07-14 19:47:51,https://mure-bucket.s3.amazonaws.com/dog.200.jpg
1,Michael Harrison,lisamorales,lisamorales,manuel80@example.net,WM3P2pm^U),2001-07-07,2024-02-15 17:57:29,https://mure-bucket.s3.amazonaws.com/dog.76.jpg
1,Ryan Collins,ksnyder,ksnyder,brett51@example.net,(yAEoZb+$0,2003-09-04,2024-04-24 15:39:27,https://mure-bucket.s3.amazonaws.com/cat.25.jpg
1,Madeline Ward,patrickleon,patrickleon,leedeborah@example.net,_g0B_Iqlk&,2009-01-30,2024-07-09 10:11:38,https://mure-bucket.s3.amazonaws.com/rider-175.jpg
1,James Shepard,daisy98,daisy98,hhoward@example.com,1!3V!Qt4m+,1974-04-15,2024-04-13 23:25:54,https://mure-bucket.s3.amazonaws.com/rider-118.jpg
1,Randall Wallace,campbellrobert,campbellrobert,eric07@example.com,*Vr3NOmV#v,2003-10-03,2024-05-05 09:04:03,https://mure-bucket.s3.amazonaws.com/cat.155.jpg
1,Kimberly Johnson,cgutierrez,cgutierrez,wstone@example.org,k7IJ@5Qs4h,1984-04-07,2024-01-06 15:24:49,https://mure-bucket.s3.amazonaws.com/cat.100.jpg
1,Jennifer Greene,moodydenise,moodydenise,qmurphy@example.net,TXV@U8XkQM,1969-08-29,2024-06-06 20:14:04,https://mure-bucket.s3.amazonaws.com/dog.154.jpg
1,Sandra Vaughn,baldwinnatalie,baldwinnatalie,ajohnson@example.net,BmyMSsCt*0,2002-04-03,2024-04-23 17:46:28,https://mure-bucket.s3.amazonaws.com/dog.125.jpg
1,Jared Juarez,lvasquez,lvasquez,loweelizabeth@example.org,$8!MTA+D&l,1953-08-06,2024-02-20 15:17:32,https://mure-bucket.s3.amazonaws.com/cat.175.jpg
1,Kelly Hernandez,david89,david89,robinadams@example.org,%%1ZZdK)Sn,2013-12-20,2024-07-03 19:57:04,https://mure-bucket.s3.amazonaws.com/rider-159.jpg
1,Amanda Simmons,megan33,megan33,hernandezdaniel@example.net,$LXD@3y6$1,1992-10-22,2024-02-01 10:14:20,https://mure-bucket.s3.amazonaws.com/dog.69.jpg
1,Katherine Hart,kathy52,kathy52,robertsonkelsey@example.net,&TDXeUzV_9,1962-06-24,2024-03-22 11:25:36,https://mure-bucket.s3.amazonaws.com/rider-80.jpg
1,Tammie Mckenzie,byrdkyle,byrdkyle,amiller@example.net,!3mBU__c^U,1976-04-25,2024-06-17 23:27:09,https://mure-bucket.s3.amazonaws.com/rider-163.jpg
1,Sarah Morris,pamelareed,pamelareed,martinezjason@example.com,@9D!cuSb3e,1979-11-13,2024-07-14 19:57:36,https://mure-bucket.s3.amazonaws.com/rider-76.jpg
1,Yolanda Phillips DVM,vnelson,vnelson,davidsonsamantha@example.org,z%N8Lyb2Tq,2001-02-25,2024-03-18 16:58:26,https://mure-bucket.s3.amazonaws.com/rider-184.jpg
1,Tina Smith,heather99,heather99,samantha98@example.org,%I64FCajIn,1981-06-12,2024-03-27 03:46:57,https://mure-bucket.s3.amazonaws.com/cat.121.jpg
1,Susan Richards,josephmann,josephmann,brandonbaker@example.org,)f^6TOhE69,1962-08-30,2024-01-12 15:51:16,https://mure-bucket.s3.amazonaws.com/dog.83.jpg
1,Tracy Johnson,moralesvanessa,moralesvanessa,barbaranelson@example.org,^T30NeSsBZ,1971-06-21,2024-02-15 09:50:05,https://mure-bucket.s3.amazonaws.com/rider-189.jpg
1,John Charles,marissa73,marissa73,kyoung@example.com,*@526MyaXr,1955-03-31,2024-05-08 07:50:55,https://mure-bucket.s3.amazonaws.com/rider-103.jpg
1,Melanie Brown,shebert,shebert,williamgaines@example.com,%3Y6xiLsal,1959-12-23,2024-05-24 07:08:46,https://mure-bucket.s3.amazonaws.com/dog.147.jpg
1,Taylor Short,joseph61,joseph61,swilson@example.net,+X3JIcSJ1v,2000-09-30,2024-06-13 01:46:15,https://mure-bucket.s3.amazonaws.com/cat.101.jpg
1,Dana Young,leslie34,leslie34,rachel52@example.com,VvaSszRY$6,2007-07-30,2024-04-14 18:38:51,https://mure-bucket.s3.amazonaws.com/cat.40.jpg
1,Rachel Rogers,rebeccalarson,rebeccalarson,karen11@example.com,gtkU2Ei1P*,1959-04-05,2024-05-27 14:27:38,https://mure-bucket.s3.amazonaws.com/cat.37.jpg
1,Jennifer Byrd,williamssteven,williamssteven,angela96@example.com,D3Ft6(ca*1,1971-01-25,2024-01-09 00:35:57,https://mure-bucket.s3.amazonaws.com/rider-118.jpg
1,Alexandra Peters,wmclaughlin,wmclaughlin,sampsongrace@example.com,W!72UWj$v9,1972-03-07,2024-04-06 12:26:56,https://mure-bucket.s3.amazonaws.com/cat.65.jpg
1,Paul Franklin,mejialarry,mejialarry,mbrown@example.org,*X2Iv@Xg*7,1964-09-09,2024-04-23 03:05:21,https://mure-bucket.s3.amazonaws.com/rider-138.jpg
1,Jerry Lee,rbrown,rbrown,cvazquez@example.org,N^x1RNam&M,1994-09-29,2024-01-21 05:24:12,https://mure-bucket.s3.amazonaws.com/rider-135.jpg
1,Sean Hall,karen21,karen21,mrodriguez@example.org,_(9VkItRu!,2007-07-23,2024-01-17 02:55:30,https://mure-bucket.s3.amazonaws.com/rider-90.jpg
1,Christopher Lewis,scottdoris,scottdoris,laneamy@example.org,m@n6zIGvcw,1967-08-10,2024-02-04 01:38:31,https://mure-bucket.s3.amazonaws.com/cat.9.jpg
1,Jerry Moran MD,shill,shill,jefferypham@example.org,^3CslA+j!*,1973-08-02,2024-03-12 22:02:12,https://mure-bucket.s3.amazonaws.com/cat.55.jpg
1,Jessica Oliver,masontheresa,masontheresa,iporter@example.org,&2^7WWUMkv,1965-09-21,2024-01-08 11:12:11,https://mure-bucket.s3.amazonaws.com/rider-109.jpg
1,Terry Johnson,sandra43,sandra43,brandianderson@example.net,M9@SL(Lu^2,2003-04-21,2024-02-20 11:43:48,https://mure-bucket.s3.amazonaws.com/rider-6.jpg
1,Amy Rodriguez,mcdonaldkatherine,mcdonaldkatherine,higginsjeanette@example.org,n^OUoC0J&2,1986-08-10,2024-06-10 19:57:32,https://mure-bucket.s3.amazonaws.com/cat.100.jpg
1,Emily Williams MD,mcampbell,mcampbell,robinholden@example.net,$2eUptu&8X,2006-04-23,2024-01-27 04:46:31,https://mure-bucket.s3.amazonaws.com/dog.21.jpg
1,Jeffrey Parker,matthewbarrett,matthewbarrett,phillipdaniel@example.org,2kR)EjSv+),1976-04-21,2024-04-28 08:05:24,https://mure-bucket.s3.amazonaws.com/cat.72.jpg
1,Jill Brown,kimberlyhampton,kimberlyhampton,heatherwolfe@example.org,!6ogNj!kBm,1995-08-02,2024-03-29 04:48:56,https://mure-bucket.s3.amazonaws.com/rider-120.jpg
1,Stacy Brown,laura89,laura89,carl77@example.com,hLCrGrd)$1,1967-07-09,2024-03-10 23:57:31,https://mure-bucket.s3.amazonaws.com/rider-197.jpg
1,Dana Stewart,colleenwalker,colleenwalker,fwolfe@example.com,g(4N2sT@%7,1966-02-04,2024-05-20 13:28:38,https://mure-bucket.s3.amazonaws.com/cat.106.jpg
1,Alyssa Robinson,wgarrett,wgarrett,waltonrebecca@example.com,%GKCtmsT82,1963-10-10,2024-04-07 17:15:24,https://mure-bucket.s3.amazonaws.com/rider-47.jpg
1,David Hammond,colemanjamie,colemanjamie,williamsallison@example.net,(R)9fT^g1!,1955-08-15,2024-03-07 04:39:19,https://mure-bucket.s3.amazonaws.com/rider-132.jpg
1,Stephanie Pitts,jeremiahclark,jeremiahclark,davidfrench@example.com,c3+RWj2Y^4,1994-05-28,2024-02-14 18:25:08,https://mure-bucket.s3.amazonaws.com/cat.51.jpg
1,Christopher Mullins,jennyrobinson,jennyrobinson,davistodd@example.org,@%oQ6CAg#5,1977-12-02,2024-03-17 13:42:33,https://mure-bucket.s3.amazonaws.com/cat.173.jpg
1,Patrick Gray,alice34,alice34,cgould@example.org,+#8xflSxSS,1972-12-19,2024-02-18 07:48:41,https://mure-bucket.s3.amazonaws.com/rider-60.jpg
1,Barbara Jones,christinaleon,christinaleon,erikasmith@example.com,HO+hJuHq%9,1993-07-21,2024-07-16 06:55:50,https://mure-bucket.s3.amazonaws.com/rider-128.jpg
1,Tracy French,jowens,jowens,denisemartinez@example.com,@71Yd5xx2n,2009-10-11,2024-04-19 08:46:25,https://mure-bucket.s3.amazonaws.com/rider-162.jpg
1,Jessica Smith,nicholskatherine,nicholskatherine,spencerpeter@example.com,u(+!8XWd)@,1982-03-22,2024-03-16 15:41:18,https://mure-bucket.s3.amazonaws.com/rider-129.jpg
1,Ashley Peterson,xdavis,xdavis,robinsonkayla@example.net,r+C47rTtDB,2000-08-09,2024-01-26 19:28:02,https://mure-bucket.s3.amazonaws.com/cat.72.jpg
1,Hector Maldonado,cassidy76,cassidy76,marybrady@example.com,*0zCLcbv1M,1987-03-30,2024-05-16 02:18:04,https://mure-bucket.s3.amazonaws.com/dog.119.jpg
1,Donna Sanchez,myersjill,myersjill,tinalove@example.net,_5*Bi#t1E9,1967-09-18,2024-02-19 20:25:09,https://mure-bucket.s3.amazonaws.com/dog.186.jpg
1,Ana Taylor,angela96,angela96,landerson@example.com,%09UemOo@9,2014-01-17,2024-02-28 03:21:11,https://mure-bucket.s3.amazonaws.com/rider-85.jpg
1,Paul Martinez,jennifer45,jennifer45,wcurtis@example.net,_)6PIvNaoN,2012-06-22,2024-06-04 13:22:30,https://mure-bucket.s3.amazonaws.com/cat.41.jpg
1,George Dyer,ledwards,ledwards,mroberts@example.net,_Y1KDPXh@H,2009-01-13,2024-01-29 05:32:38,https://mure-bucket.s3.amazonaws.com/dog.61.jpg
1,Joshua Waller,acoffey,acoffey,christine13@example.org,$2fr*0I%Ns,1954-12-14,2024-06-16 10:29:48,https://mure-bucket.s3.amazonaws.com/rider-188.jpg
1,William Gross,dawnleonard,dawnleonard,dbrown@example.com,@#WPgl$Ds1,1965-09-25,2024-05-29 20:55:51,https://mure-bucket.s3.amazonaws.com/rider-129.jpg
1,Joshua Meyer,inovak,inovak,michellemayer@example.net,sxD2G3VwM$,1982-12-25,2024-01-08 05:20:06,https://mure-bucket.s3.amazonaws.com/cat.182.jpg
1,Eric Hernandez,rhunt,rhunt,tvalentine@example.com,H#5&BAErjZ,1997-05-09,2024-03-23 04:17:14,https://mure-bucket.s3.amazonaws.com/rider-40.jpg
1,Teresa Griffin,jorge88,jorge88,marialong@example.net,lydBaM8t$6,1974-07-07,2024-06-05 12:36:59,https://mure-bucket.s3.amazonaws.com/dog.183.jpg
1,Tiffany Wade,josephheather,josephheather,jennifer29@example.net,2W78ffDzT$,1965-11-24,2024-01-08 19:38:43,https://mure-bucket.s3.amazonaws.com/dog.15.jpg
1,Mary Griffin,ayalaheather,ayalaheather,jeremyjuarez@example.org,dU@1+1Dd_d,2005-05-26,2024-01-28 08:41:40,https://mure-bucket.s3.amazonaws.com/dog.171.jpg
1,Molly Mills,heather38,heather38,walshgina@example.com,b2G3P4xs6(,1994-02-02,2024-05-27 22:01:42,https://mure-bucket.s3.amazonaws.com/dog.48.jpg
1,Alexis Jones,angela75,angela75,ybrown@example.com,$$5cIqv6C8,2000-09-23,2024-03-28 12:27:46,https://mure-bucket.s3.amazonaws.com/rider-106.jpg
1,Michelle Hatfield,leeanna,leeanna,jermaine87@example.com,#0wwH+XkEb,2005-01-23,2024-06-25 04:19:30,https://mure-bucket.s3.amazonaws.com/cat.141.jpg
1,Kristina Young,kelsey97,kelsey97,isaiahbailey@example.org,HDHbMY1h(5,1967-11-17,2024-05-23 07:44:36,https://mure-bucket.s3.amazonaws.com/cat.2.jpg
1,Robert Wright,taylormitchell,taylormitchell,eric11@example.net,P*1E+QrLlt,1961-05-19,2024-07-02 17:23:47,https://mure-bucket.s3.amazonaws.com/cat.182.jpg
1,Christopher Martinez,juarezelizabeth,juarezelizabeth,jeremyharris@example.org,45dsxWla$5,1989-10-22,2024-01-08 05:33:41,https://mure-bucket.s3.amazonaws.com/dog.147.jpg
1,Adrian Serrano,gordonstacy,gordonstacy,mercadodiane@example.org,Yr^w9Pz#eF,1983-11-29,2024-06-21 05:42:07,https://mure-bucket.s3.amazonaws.com/cat.56.jpg
1,Andrea Rose,michael64,michael64,colingibson@example.com,$w+WvOUkH6,2002-11-08,2024-04-13 15:06:09,https://mure-bucket.s3.amazonaws.com/cat.168.jpg
1,Jonathan Wilson,melissa15,melissa15,kristina89@example.com,%dS!aPmO9!,1967-01-30,2024-04-12 20:37:19,https://mure-bucket.s3.amazonaws.com/rider-58.jpg
1,Thomas Graham,sgay,sgay,kristen74@example.org,#3nM8Rg1hU,1970-07-28,2024-06-18 14:17:06,https://mure-bucket.s3.amazonaws.com/dog.31.jpg
1,Pamela Martin,deborahpierce,deborahpierce,matthew96@example.com,Zs5WrUA2)x,1996-05-13,2024-05-21 23:45:05,https://mure-bucket.s3.amazonaws.com/cat.143.jpg
1,Alexis Lane,austin36,austin36,qnelson@example.com,W$3YBFlrSS,1975-05-03,2024-05-31 10:40:56,https://mure-bucket.s3.amazonaws.com/cat.100.jpg
1,Andrew Hart,curtis43,curtis43,zmartin@example.org,+2@N4sjD1I,1999-12-19,2024-03-08 12:04:06,https://mure-bucket.s3.amazonaws.com/cat.50.jpg
1,Virginia Gallagher,rogersdaniel,rogersdaniel,dustinhanson@example.org,N%i@7TiCYn,1960-07-16,2024-01-07 21:50:23,https://mure-bucket.s3.amazonaws.com/cat.156.jpg
1,Janice Miller,yhunt,yhunt,colin93@example.com,IpT3xGVQ+&,1966-03-03,2024-03-28 00:19:10,https://mure-bucket.s3.amazonaws.com/dog.35.jpg
1,Nathan Wiley,meredithscott,meredithscott,christinesalazar@example.net,P6KNs!pQ!S,1963-04-23,2024-04-05 13:09:00,https://mure-bucket.s3.amazonaws.com/rider-184.jpg
1,Matthew Hudson,katrina44,katrina44,younglisa@example.org,I(3dZClRC4,1993-04-19,2024-02-07 14:42:58,https://mure-bucket.s3.amazonaws.com/dog.59.jpg
1,Patrick Hess,youngwhitney,youngwhitney,sarahlopez@example.net,J)s2Af+jqT,1963-11-24,2024-05-28 20:10:10,https://mure-bucket.s3.amazonaws.com/cat.101.jpg
1,Andrew Wells,snunez,snunez,xmiller@example.com,h_5OUNKg7_,1972-03-12,2024-04-25 23:21:29,https://mure-bucket.s3.amazonaws.com/cat.130.jpg
1,Daniel Hardin,nicholas74,nicholas74,russellashley@example.net,3oN(xB0R#A,1960-03-09,2024-06-05 09:42:28,https://mure-bucket.s3.amazonaws.com/cat.48.jpg
1,Jennifer Montoya,aimeecamacho,aimeecamacho,oirwin@example.com,b6pCMKqf%C,1988-01-29,2024-03-15 20:53:23,https://mure-bucket.s3.amazonaws.com/cat.26.jpg
1,Jason Gonzalez,david58,david58,kevin50@example.org,&9(fV#Rxtq,1965-02-14,2024-02-08 06:57:17,https://mure-bucket.s3.amazonaws.com/rider-161.jpg
1,Jordan Washington MD,cathy42,cathy42,nrosario@example.org,Y4@CCdEt%h,1986-01-30,2024-05-21 03:56:17,https://mure-bucket.s3.amazonaws.com/rider-139.jpg
1,Andrew Shelton,tara84,tara84,kaitlin40@example.net,$_7UW^lUJ(,1986-09-16,2024-02-01 09:32:52,https://mure-bucket.s3.amazonaws.com/dog.36.jpg
1,Kristopher Fisher,abaird,abaird,spearsjennifer@example.com,*MXE(bna4^,1995-06-30,2024-02-17 23:03:17,https://mure-bucket.s3.amazonaws.com/dog.50.jpg
1,Michael Lambert,josebruce,josebruce,kelly23@example.com,&6U@+BWw&Y,2008-05-09,2024-06-04 11:46:19,https://mure-bucket.s3.amazonaws.com/cat.132.jpg
1,Mark Orr,jonesphillip,jonesphillip,hollyortiz@example.net,&NIY0_l@R2,1969-06-09,2024-04-06 00:12:27,https://mure-bucket.s3.amazonaws.com/cat.18.jpg
1,Matthew Anderson,carrillokenneth,carrillokenneth,frankglen@example.com,+(t7Piac^x,1981-12-11,2024-02-06 11:06:18,https://mure-bucket.s3.amazonaws.com/dog.198.jpg
1,Paul Coleman,shermanmelissa,shermanmelissa,steven17@example.org,wS@D7vRbJ_,1989-03-02,2024-05-31 09:16:23,https://mure-bucket.s3.amazonaws.com/rider-53.jpg
1,Gerald Allen,stephaniesmith,stephaniesmith,david68@example.net,n%5jIeSivp,1975-09-07,2024-04-14 12:32:41,https://mure-bucket.s3.amazonaws.com/cat.107.jpg
1,Rebecca Wilcox,browntracie,browntracie,patricia61@example.net,^X%A4fNto+,1964-05-01,2024-04-04 06:28:38,https://mure-bucket.s3.amazonaws.com/cat.144.jpg
1,Mark Kirby,tbullock,tbullock,charlene48@example.com,%08CZUsWa5,1963-01-23,2024-03-16 10:41:42,https://mure-bucket.s3.amazonaws.com/dog.128.jpg
1,Hannah Gonzalez,denniswatkins,denniswatkins,brian85@example.net,eNZT5Efy*4,1962-10-30,2024-06-11 07:38:44,https://mure-bucket.s3.amazonaws.com/rider-123.jpg
1,Ricky Lewis,maryshaw,maryshaw,annabeard@example.com,4TJnEEMi*H,1955-02-09,2024-06-30 14:43:52,https://mure-bucket.s3.amazonaws.com/dog.155.jpg
1,Bailey Powell,aperez,aperez,ericksonbradley@example.net,_1eKYy8nPM,1978-06-17,2024-03-30 20:20:33,https://mure-bucket.s3.amazonaws.com/dog.55.jpg
1,Courtney Navarro,brendayork,brendayork,holly55@example.org,(uO8T#Wpdt,1981-09-30,2024-04-23 16:30:27,https://mure-bucket.s3.amazonaws.com/cat.136.jpg
1,Aaron Barr,lellis,lellis,ataylor@example.org,dQ7MR+eJ&$,1965-12-01,2024-03-15 12:46:16,https://mure-bucket.s3.amazonaws.com/cat.80.jpg
1,Glenn Reyes,bthomas,bthomas,rick63@example.net,k3CxK&Ky_o,1999-09-12,2024-05-04 02:39:00,https://mure-bucket.s3.amazonaws.com/dog.158.jpg
1,Mark Schmidt,kshaw,kshaw,margaretmeyers@example.net,D209e$Pv*T,1973-08-09,2024-03-12 23:31:54,https://mure-bucket.s3.amazonaws.com/rider-155.jpg
1,Marvin Baker,bassanita,bassanita,lduffy@example.org,PnPVfnt4%2,1956-05-12,2024-05-15 16:48:54,https://mure-bucket.s3.amazonaws.com/rider-11.jpg
1,Laura Velasquez,davidspencer,davidspencer,bondkimberly@example.net,$uo0F@D&a2,1978-05-26,2024-06-07 06:22:23,https://mure-bucket.s3.amazonaws.com/dog.75.jpg
1,Miranda Ramos,allenshawn,allenshawn,cleonard@example.com,%6YTXjz4z2,1961-02-07,2024-02-29 11:33:24,https://mure-bucket.s3.amazonaws.com/dog.160.jpg
1,Richard Rowe,hamiltonjason,hamiltonjason,millerxavier@example.com,3DM$5VObvi,1983-09-22,2024-07-03 15:51:50,https://mure-bucket.s3.amazonaws.com/rider-17.jpg
1,Michael Cox,vhanson,vhanson,brooke00@example.com,)o5w7J9fV3,1958-01-24,2024-06-21 19:20:56,https://mure-bucket.s3.amazonaws.com/dog.104.jpg
1,Peggy Gibbs,masonangela,masonangela,orrsarah@example.com,k4%*GA@Q&v,2000-10-29,2024-06-29 07:33:00,https://mure-bucket.s3.amazonaws.com/dog.184.jpg
1,Carly Perez,mercadolynn,mercadolynn,krystalcurtis@example.com,FV9G5jW3c!,1968-06-12,2024-01-15 22:41:58,https://mure-bucket.s3.amazonaws.com/cat.41.jpg
1,Sean Chang,knoxmark,knoxmark,jonathan60@example.com,$$UB6Ao4Og,1998-04-13,2024-07-11 03:28:23,https://mure-bucket.s3.amazonaws.com/rider-174.jpg
1,Jaime Salazar,victoriaschultz,victoriaschultz,paula89@example.com,dkm8S4GpM#,1981-11-04,2024-03-24 01:34:23,https://mure-bucket.s3.amazonaws.com/rider-116.jpg
1,Jessica Williams,torresroy,torresroy,michael04@example.org,2X4srK+r7#,1992-10-04,2024-06-26 04:47:06,https://mure-bucket.s3.amazonaws.com/cat.49.jpg
1,Riley Robinson,williamsonjennifer,williamsonjennifer,williamcurtis@example.org,5KCKivkz$_,2001-05-23,2024-01-06 15:18:13,https://mure-bucket.s3.amazonaws.com/cat.164.jpg
1,Catherine Salas,hlogan,hlogan,dmyers@example.com,Liim8Tig$5,1979-06-23,2024-03-09 02:21:11,https://mure-bucket.s3.amazonaws.com/dog.138.jpg
1,Lori Martinez,harmonbrenda,harmonbrenda,amanda81@example.org,Xk1ggAUov^,2012-05-24,2024-02-03 12:08:40,https://mure-bucket.s3.amazonaws.com/rider-94.jpg
1,David Weber,cparker,cparker,whitematthew@example.net,3&Jx05Bx%e,1964-09-22,2024-02-16 06:23:49,https://mure-bucket.s3.amazonaws.com/cat.139.jpg
1,John Romero,cory45,cory45,velazquezjessica@example.com,5%9QekuA$#,1973-09-16,2024-04-04 12:24:52,https://mure-bucket.s3.amazonaws.com/rider-43.jpg
1,Nancy Mccoy,brett79,brett79,orobinson@example.net,$2CInO0u38,1957-06-29,2024-02-06 18:54:49,https://mure-bucket.s3.amazonaws.com/cat.121.jpg
1,Jacqueline Salazar MD,pcochran,pcochran,ihuang@example.net,406DMXzzi#,1996-05-04,2024-03-18 18:39:20,https://mure-bucket.s3.amazonaws.com/cat.9.jpg
1,Amanda Henry,smithalexis,smithalexis,larryreed@example.net,&L&ORy9Qi3,2000-04-26,2024-05-11 22:25:20,https://mure-bucket.s3.amazonaws.com/rider-148.jpg
1,Robert Mcknight,qberg,qberg,nancycunningham@example.com,)hFm9Txm_#,1979-01-02,2024-05-30 23:58:29,https://mure-bucket.s3.amazonaws.com/cat.192.jpg
1,Lawrence Yoder,nathan12,nathan12,michaelhoward@example.com,u0Xoncw&+a,2006-11-09,2024-03-02 03:46:15,https://mure-bucket.s3.amazonaws.com/cat.41.jpg
1,John Lopez,nicholesullivan,nicholesullivan,susandavis@example.net,*$1WxQtSq&,2004-12-04,2024-06-04 20:09:07,https://mure-bucket.s3.amazonaws.com/rider-194.jpg
1,Mr. Austin Shaw Jr.,antonio85,antonio85,samantha83@example.net,5f_Vphng)B,1986-06-10,2024-05-07 04:50:14,https://mure-bucket.s3.amazonaws.com/cat.86.jpg
1,Dawn Andrews,charlesdelgado,charlesdelgado,vleonard@example.com,$AM1U2rh!_,2011-09-22,2024-02-05 12:00:37,https://mure-bucket.s3.amazonaws.com/rider-85.jpg
1,Michael Johnson,amandawhite,amandawhite,wwalker@example.org,+89MjbV2#Y,1987-03-26,2024-07-04 14:07:16,https://mure-bucket.s3.amazonaws.com/cat.169.jpg
1,Jonathan Johnson,wayne94,wayne94,abryan@example.net,Q3mD(Wo*@$,1957-03-29,2024-01-04 06:13:34,https://mure-bucket.s3.amazonaws.com/rider-143.jpg
1,Natalie Orr,jennifer28,jennifer28,yfitzgerald@example.net,yA%p44Ogf_,1966-10-25,2024-03-29 02:42:23,https://mure-bucket.s3.amazonaws.com/dog.44.jpg
1,Joseph Bishop,jamie15,jamie15,james58@example.com,CeZ1cMkN$(,1998-11-25,2024-05-27 05:41:46,https://mure-bucket.s3.amazonaws.com/cat.111.jpg
1,David Hudson,kurt16,kurt16,juanmorse@example.net,L@0#DDkW)e,2007-07-24,2024-04-15 11:41:46,https://mure-bucket.s3.amazonaws.com/rider-87.jpg
1,Richard Bailey,vjones,vjones,cartercrystal@example.com,u*wn6AwzDW,1992-06-08,2024-02-21 15:44:55,https://mure-bucket.s3.amazonaws.com/dog.32.jpg
1,Victoria Love,eramos,eramos,smithamanda@example.com,J%yV8ITArz,1991-01-22,2024-03-24 13:40:11,https://mure-bucket.s3.amazonaws.com/cat.21.jpg
1,Joshua Bryant,stephencontreras,stephencontreras,laura62@example.net,+!#DmE^x0V,1988-09-14,2024-03-17 12:20:48,https://mure-bucket.s3.amazonaws.com/dog.170.jpg
1,Gregory Mcdaniel,hpitts,hpitts,briangarcia@example.com,pFUt39Gr&0,2003-01-25,2024-01-07 14:02:16,https://mure-bucket.s3.amazonaws.com/dog.30.jpg
1,James Garcia,beth71,beth71,emily84@example.net,aeD*hSC(^5,1983-08-06,2024-03-17 21:23:21,https://mure-bucket.s3.amazonaws.com/cat.180.jpg
1,Tom Davis,mahoneyjeremy,mahoneyjeremy,gibsonnicole@example.com,wb0CLVYHF@,1982-11-15,2024-04-18 05:44:59,https://mure-bucket.s3.amazonaws.com/cat.200.jpg
1,Alexander Myers,rickmoore,rickmoore,haley91@example.com,10*1ZwkX9@,1973-03-07,2024-06-12 01:06:44,https://mure-bucket.s3.amazonaws.com/cat.173.jpg
1,Jamie Abbott,thorntonbradley,thorntonbradley,croberts@example.org,#IY4$ZYuz^,1967-06-13,2024-01-13 22:21:02,https://mure-bucket.s3.amazonaws.com/cat.110.jpg
1,Daniel Munoz,benjaminpeters,benjaminpeters,dawn65@example.org,$3E7gCT8J+,1966-11-16,2024-05-19 17:37:11,https://mure-bucket.s3.amazonaws.com/dog.18.jpg
1,Kenneth Turner,kingmonica,kingmonica,daltonjerry@example.org,&JmUF!pxU9,1986-08-11,2024-01-22 03:15:29,https://mure-bucket.s3.amazonaws.com/cat.80.jpg
1,Teresa Simmons,cesarcuevas,cesarcuevas,michael28@example.org,#7FP_cetO!,1980-12-07,2024-03-22 09:07:47,https://mure-bucket.s3.amazonaws.com/dog.32.jpg
1,Dominique Wright,sherylbrown,sherylbrown,bmason@example.com,DM!3FyML1),1995-05-24,2024-06-12 15:03:28,https://mure-bucket.s3.amazonaws.com/cat.43.jpg
1,James Richardson,cyoder,cyoder,ssanchez@example.net,a#L1JO5!gs,1977-11-07,2024-04-20 15:43:39,https://mure-bucket.s3.amazonaws.com/rider-146.jpg
1,Terry Castro,irivera,irivera,cellis@example.com,HDH+59Th+y,1965-07-29,2024-05-21 21:32:48,https://mure-bucket.s3.amazonaws.com/cat.32.jpg
1,Ellen Miller,matthewmoreno,matthewmoreno,tstafford@example.org,X4*#zDpV%b,1991-11-07,2024-01-20 03:48:42,https://mure-bucket.s3.amazonaws.com/cat.108.jpg
1,John Boyer,kmaddox,kmaddox,ogreen@example.com,q8OBBJZp$T,1968-02-23,2024-02-29 13:56:55,https://mure-bucket.s3.amazonaws.com/rider-44.jpg
1,Timothy Ruiz,lovetheresa,lovetheresa,gary60@example.net,4*2Kt%xU4X,1971-07-22,2024-03-16 08:34:18,https://mure-bucket.s3.amazonaws.com/cat.37.jpg
1,Chad Jensen,sarah48,sarah48,westadam@example.com,)F21ATop%3,2012-10-01,2024-03-27 17:25:42,https://mure-bucket.s3.amazonaws.com/rider-143.jpg
1,Derrick Martinez,tracey23,tracey23,morriselizabeth@example.net,8t(HJJzh)8,1970-07-18,2024-04-11 01:44:05,https://mure-bucket.s3.amazonaws.com/rider-106.jpg
1,Pamela Beasley,berrylisa,berrylisa,merrittmelvin@example.com,#%^jSvVpU2,1993-07-22,2024-02-20 23:24:38,https://mure-bucket.s3.amazonaws.com/rider-46.jpg
1,Ryan Evans,vasquezdiana,vasquezdiana,hornekara@example.net,(SZ*voSo$9,1955-02-22,2024-02-15 23:36:35,https://mure-bucket.s3.amazonaws.com/dog.18.jpg
1,Lisa Freeman,fharrison,fharrison,david34@example.com,)5DG8SbG12,1994-04-10,2024-06-10 07:49:13,https://mure-bucket.s3.amazonaws.com/cat.87.jpg
1,Miranda Sutton,crawfordkatherine,crawfordkatherine,lisaoconnor@example.com,_jkIC0C@N2,1966-06-29,2024-06-17 00:40:28,https://mure-bucket.s3.amazonaws.com/rider-79.jpg
1,Daniel Torres,wendy88,wendy88,tracy15@example.org,d*QO6ZKsLN,1984-06-19,2024-03-20 12:54:54,https://mure-bucket.s3.amazonaws.com/dog.116.jpg
1,Amanda Ruiz,david71,david71,gregory68@example.com,&0RvgPp5WZ,1974-11-14,2024-01-14 21:43:30,https://mure-bucket.s3.amazonaws.com/dog.169.jpg
1,Tamara Williams,megan50,megan50,cmendez@example.org,l#1m&XEyd!,1969-06-13,2024-04-23 08:14:56,https://mure-bucket.s3.amazonaws.com/rider-181.jpg
1,Mr. Gary Osborne,pmontes,pmontes,craigmontoya@example.net,8LcgRYc##l,1959-09-13,2024-06-20 14:18:18,https://mure-bucket.s3.amazonaws.com/rider-56.jpg
1,Andres Blevins,conradbryan,conradbryan,derek49@example.com,_%8S91)GFu,1962-11-24,2024-05-20 18:49:46,https://mure-bucket.s3.amazonaws.com/rider-123.jpg
1,Danielle Miller,rmiller,rmiller,brownstephen@example.net,msYPj3L#&@,2012-08-03,2024-07-06 17:13:15,https://mure-bucket.s3.amazonaws.com/rider-102.jpg
1,Lisa Vargas,marie29,marie29,sarah22@example.com,!X4UmuKHF0,1978-06-20,2024-03-01 16:19:50,https://mure-bucket.s3.amazonaws.com/rider-141.jpg
1,Charles Phillips,xthomas,xthomas,oporter@example.org,8WV%BVhh%z,1972-07-28,2024-04-17 23:04:33,https://mure-bucket.s3.amazonaws.com/cat.128.jpg
1,Derek York,catherinesmith,catherinesmith,pbarker@example.net,tpT9YDUf$+,2010-03-12,2024-04-30 00:09:31,https://mure-bucket.s3.amazonaws.com/dog.95.jpg
1,Amanda Martinez,graymitchell,graymitchell,james34@example.com,_jNWOhxnw8,1974-07-12,2024-02-19 07:51:08,https://mure-bucket.s3.amazonaws.com/dog.98.jpg
1,Brandon Knight PhD,chapmanamanda,chapmanamanda,tyler55@example.com,+24WmJai0J,1976-11-05,2024-03-07 04:00:53,https://mure-bucket.s3.amazonaws.com/cat.188.jpg
1,Janet Figueroa,floresbethany,floresbethany,underwoodphilip@example.net,q4O3LHyp7),2008-08-09,2024-01-10 01:44:22,https://mure-bucket.s3.amazonaws.com/rider-138.jpg
1,Clayton Sims,shaley,shaley,escobarcynthia@example.net,khZm7ztg&5,1971-06-06,2024-04-11 03:56:18,https://mure-bucket.s3.amazonaws.com/rider-26.jpg
1,Rhonda Casey,aaronbrown,aaronbrown,wgreen@example.org,x6STZKyf$V,1980-04-30,2024-05-03 04:13:51,https://mure-bucket.s3.amazonaws.com/cat.145.jpg
1,Tracy Bell,sharonthompson,sharonthompson,muellernicholas@example.net,0i8U^iTR&N,1992-02-05,2024-03-05 11:37:06,https://mure-bucket.s3.amazonaws.com/rider-193.jpg
1,Deborah Mayo,stephaniepreston,stephaniepreston,amberflynn@example.net,ESS2naFxs*,1998-01-28,2024-03-03 10:11:12,https://mure-bucket.s3.amazonaws.com/cat.170.jpg
1,Sandra Gilbert,edward17,edward17,mikefranklin@example.com,)BB(u7Fzky,2010-12-11,2024-01-09 07:44:49,https://mure-bucket.s3.amazonaws.com/cat.34.jpg
1,Kristin Brown,shannoncastillo,shannoncastillo,wilsonjennifer@example.org,*L@XVo^j7g,1955-08-20,2024-06-19 17:59:56,https://mure-bucket.s3.amazonaws.com/rider-128.jpg
1,Jessica Martin,jeffreyjones,jeffreyjones,johnstonjessica@example.net,%yEZN$vN3),1977-05-04,2024-02-16 01:37:54,https://mure-bucket.s3.amazonaws.com/cat.62.jpg
1,Robert Hardin,stephanie32,stephanie32,joshua94@example.com,UP9A%fk)0&,1977-09-14,2024-04-27 20:00:19,https://mure-bucket.s3.amazonaws.com/dog.79.jpg
1,Tyler Arias,terrance86,terrance86,willismelanie@example.com,XhQ9NHHa*Y,1976-09-14,2024-04-29 11:31:06,https://mure-bucket.s3.amazonaws.com/dog.151.jpg
1,Brittany Brown,annagilbert,annagilbert,tdoyle@example.com,2)s2hQHj!e,2010-01-26,2024-05-15 00:37:59,https://mure-bucket.s3.amazonaws.com/dog.193.jpg
1,Shane James DDS,loganlisa,loganlisa,emilysampson@example.com,Ti#QZ%cN&8,1955-12-07,2024-01-06 17:37:29,https://mure-bucket.s3.amazonaws.com/cat.44.jpg
1,Colton Crawford,xriley,xriley,rkidd@example.org,I34jSeGm_c,1995-07-18,2024-01-05 13:24:30,https://mure-bucket.s3.amazonaws.com/cat.112.jpg
1,Madison Delacruz,cooperedward,cooperedward,josephmartinez@example.net,_U6TzPiH@^,1965-08-13,2024-04-10 05:42:58,https://mure-bucket.s3.amazonaws.com/dog.52.jpg
1,Zachary Williams,cordovaheather,cordovaheather,murphyaustin@example.com,7(S8ZkymL0,1997-11-20,2024-03-17 08:43:33,https://mure-bucket.s3.amazonaws.com/cat.184.jpg
1,Lisa Rowe,brian31,brian31,yroach@example.org,)81!!JxxL+,2013-06-18,2024-05-13 08:04:36,https://mure-bucket.s3.amazonaws.com/rider-166.jpg
1,Leslie Hall,ggrant,ggrant,ymoore@example.org,5*3!o+cgsI,2003-11-09,2024-02-01 09:14:58,https://mure-bucket.s3.amazonaws.com/dog.61.jpg
1,Theodore Welch,cynthia59,cynthia59,michaelboyd@example.com,*6B!zfCih),1994-06-04,2024-02-21 04:01:44,https://mure-bucket.s3.amazonaws.com/cat.96.jpg
1,Kevin Malone,theresabutler,theresabutler,walkerbeverly@example.com,Z$3h5Sl4H3,1975-09-24,2024-06-13 11:58:13,https://mure-bucket.s3.amazonaws.com/rider-6.jpg
1,Veronica Robbins,carrillowilliam,carrillowilliam,mariatanner@example.com,9_sNl$tX+v,2000-02-22,2024-03-28 17:12:58,https://mure-bucket.s3.amazonaws.com/cat.141.jpg
1,Lindsay Patel,gthomas,gthomas,pamela70@example.net,&59I!HwD#Z,1991-07-31,2024-02-17 13:16:54,https://mure-bucket.s3.amazonaws.com/cat.106.jpg
1,Susan Chan,jharris,jharris,carla52@example.org,^*4EKPd_6D,1966-12-21,2024-02-13 09:58:32,https://mure-bucket.s3.amazonaws.com/rider-140.jpg
1,Eric Baldwin,mcdonaldjohn,mcdonaldjohn,haley01@example.com,0h)2y4Peog,2001-10-19,2024-04-23 04:55:39,https://mure-bucket.s3.amazonaws.com/dog.86.jpg
1,Todd Woods,susanhall,susanhall,palmerlisa@example.com,ss4YkFyn%),2009-02-16,2024-04-27 17:47:17,https://mure-bucket.s3.amazonaws.com/cat.159.jpg
1,Kimberly Johnson,mark49,mark49,utucker@example.com,%3U8s(gO$y,1995-09-09,2024-06-04 08:23:40,https://mure-bucket.s3.amazonaws.com/cat.136.jpg
1,Bradley Sherman,wmills,wmills,ambersmith@example.com,*!4VaVFCjt,1984-01-20,2024-01-31 13:16:02,https://mure-bucket.s3.amazonaws.com/dog.183.jpg
1,David Robinson,prestonjessica,prestonjessica,jennifer79@example.net,)H!3F2KtHR,1978-02-08,2024-06-20 18:11:17,https://mure-bucket.s3.amazonaws.com/cat.66.jpg
1,Morgan Owens,aprilsmith,aprilsmith,manningcarlos@example.com,l3DtgNW(*Q,1974-09-05,2024-01-03 02:32:15,https://mure-bucket.s3.amazonaws.com/dog.120.jpg
1,Kathy Johnson,ashley85,ashley85,gregory95@example.com,64^UI$pq^h,1958-07-18,2024-04-08 20:19:47,https://mure-bucket.s3.amazonaws.com/cat.187.jpg
1,Jeffery Gonzalez,michael34,michael34,ystanley@example.net,^w8USqdmV),1968-01-07,2024-06-18 21:21:43,https://mure-bucket.s3.amazonaws.com/dog.130.jpg
1,Melissa Liu,vandrews,vandrews,scott68@example.org,)E4Kxl^b&V,2005-03-28,2024-06-22 10:27:57,https://mure-bucket.s3.amazonaws.com/rider-13.jpg
1,Eric Allen,michealholmes,michealholmes,cmosley@example.com,6haBwKKu+a,2002-10-31,2024-03-03 03:54:08,https://mure-bucket.s3.amazonaws.com/rider-171.jpg
1,Michelle Brown,kayla43,kayla43,nicolemullen@example.com,GU4G(+ppY*,1969-11-11,2024-05-05 05:36:13,https://mure-bucket.s3.amazonaws.com/rider-67.jpg
1,Michael Marsh,ramirezmckenzie,ramirezmckenzie,edward88@example.net,Hk5cX7Bw&P,1989-10-27,2024-04-14 01:10:54,https://mure-bucket.s3.amazonaws.com/rider-138.jpg
1,Kyle Wilson,zmason,zmason,anitascott@example.org,C!lLoKtJ(6,1963-06-07,2024-04-08 11:32:30,https://mure-bucket.s3.amazonaws.com/rider-194.jpg
1,Edward Reid,andrew26,andrew26,clinestacie@example.com,#2War*MvPz,1985-03-21,2024-05-03 21:02:07,https://mure-bucket.s3.amazonaws.com/rider-132.jpg
1,Donna Williams,bwilson,bwilson,rachel13@example.com,Z(AxTXzp%7,1988-03-02,2024-06-19 05:14:54,https://mure-bucket.s3.amazonaws.com/cat.71.jpg
1,Amy Curtis,ggraham,ggraham,sharon10@example.org,5QRxD4e3@X,1956-05-30,2024-01-27 01:32:36,https://mure-bucket.s3.amazonaws.com/dog.164.jpg
1,Geoffrey Tucker,higginsmeredith,higginsmeredith,james44@example.com,+A95BR3hIk,1994-05-20,2024-03-28 00:28:08,https://mure-bucket.s3.amazonaws.com/cat.32.jpg
1,David Lane,cwerner,cwerner,christiananderson@example.com,(flCtUJb0h,1982-12-30,2024-04-15 15:11:25,https://mure-bucket.s3.amazonaws.com/cat.153.jpg
1,David Guzman,sabrinareyes,sabrinareyes,jacksonpaula@example.com,V!F$)8QyUe,1999-06-09,2024-04-18 14:20:15,https://mure-bucket.s3.amazonaws.com/cat.143.jpg
1,Michael Thomas,npetty,npetty,christopherfuentes@example.com,!VKiSga7o0,1985-11-21,2024-03-30 22:16:26,https://mure-bucket.s3.amazonaws.com/rider-105.jpg
1,Michelle Bell,qwheeler,qwheeler,raymondburns@example.org,RL8Oj76!N@,1984-02-06,2024-04-04 06:20:29,https://mure-bucket.s3.amazonaws.com/rider-144.jpg
1,Lorraine White,halemaureen,halemaureen,elizabeth51@example.org,aO1ezEjnR@,1995-10-03,2024-03-28 14:07:32,https://mure-bucket.s3.amazonaws.com/rider-28.jpg
1,Mrs. Tracy Stewart,zacharychambers,zacharychambers,timothycole@example.com,anRZ5miB+4,1991-06-23,2024-02-20 21:09:45,https://mure-bucket.s3.amazonaws.com/cat.42.jpg
1,Angela Mcneil,daniel12,daniel12,villanuevaheidi@example.com,#A51!Sgr18,2011-02-27,2024-04-04 08:05:10,https://mure-bucket.s3.amazonaws.com/cat.9.jpg
1,Walter Hansen,colinbuchanan,colinbuchanan,nicholassolis@example.net,)atsTD^AI0,2012-08-27,2024-05-30 09:10:29,https://mure-bucket.s3.amazonaws.com/dog.179.jpg
1,Jacob Peterson,ucarter,ucarter,maurice57@example.org,%$i2Ffzsi7,1964-03-05,2024-07-16 07:32:31,https://mure-bucket.s3.amazonaws.com/dog.60.jpg
1,David Davis,samuel91,samuel91,desiree05@example.com,B$5MtdBp6d,2000-06-28,2024-01-29 04:03:07,https://mure-bucket.s3.amazonaws.com/dog.54.jpg
1,Cynthia Davis,michaelhawkins,michaelhawkins,riverakevin@example.net,@A)OU4Ds8A,2011-04-06,2024-01-24 20:03:59,https://mure-bucket.s3.amazonaws.com/rider-17.jpg
1,Margaret Preston,kadams,kadams,kayla06@example.org,zQgQs8pf%7,1979-12-26,2024-02-26 16:01:00,https://mure-bucket.s3.amazonaws.com/rider-51.jpg
1,Mark Fox,greenkatelyn,greenkatelyn,briannafrancis@example.org,$(W0*+Ki#3,2000-08-14,2024-03-05 12:49:33,https://mure-bucket.s3.amazonaws.com/rider-190.jpg
1,Amber Rojas,xdodson,xdodson,meyerbenjamin@example.com,D7slu7VdG$,1969-01-06,2024-02-26 21:51:17,https://mure-bucket.s3.amazonaws.com/cat.39.jpg
1,Tracey Guerra,smalltyler,smalltyler,ahall@example.com,C_q7Hhd!px,1987-01-07,2024-05-18 08:15:04,https://mure-bucket.s3.amazonaws.com/dog.114.jpg
1,Tracy Mcgrath,johnnysmith,johnnysmith,chandebra@example.net,*+x0kZkSR&,1994-02-17,2024-02-12 19:31:29,https://mure-bucket.s3.amazonaws.com/dog.117.jpg
1,Amber Griffin,virginia70,virginia70,greenechristopher@example.org,#WAx+OEze2,1992-01-16,2024-01-19 17:24:36,https://mure-bucket.s3.amazonaws.com/cat.59.jpg
1,Leslie Reyes,samanthaevans,samanthaevans,kevinrusso@example.com,@I5w5jXdPe,1980-04-28,2024-07-08 16:07:31,https://mure-bucket.s3.amazonaws.com/dog.61.jpg
1,Steven Garcia,kempjustin,kempjustin,collinszachary@example.com,*U0H76Ime_,1966-01-09,2024-05-03 05:55:52,https://mure-bucket.s3.amazonaws.com/rider-171.jpg
1,James Moss,holmesjacob,holmesjacob,lopezsandy@example.net,Sq6AvSfx@M,1975-12-29,2024-01-19 17:11:01,https://mure-bucket.s3.amazonaws.com/cat.192.jpg
1,Debbie Adkins,stanleykaren,stanleykaren,steverodriguez@example.com,7ZHBMgWU%_,1965-11-22,2024-02-07 10:00:37,https://mure-bucket.s3.amazonaws.com/dog.47.jpg
1,Joshua Rogers,kmays,kmays,christina30@example.com,@cQ2LTSl^L,1984-12-21,2024-05-29 17:19:17,https://mure-bucket.s3.amazonaws.com/cat.40.jpg
1,Gregory Anderson,diana47,diana47,candaceparker@example.net,OF9HBrkb9!,1970-07-30,2024-05-23 06:03:51,https://mure-bucket.s3.amazonaws.com/dog.170.jpg
1,John Stephens,davissherri,davissherri,kburke@example.net,9tML3RMJ#W,1986-11-25,2024-01-10 09:58:55,https://mure-bucket.s3.amazonaws.com/rider-147.jpg
1,Jeffrey Pierce,gwalker,gwalker,yroberts@example.org,8&_92He)gb,2001-04-24,2024-03-30 06:47:05,https://mure-bucket.s3.amazonaws.com/cat.174.jpg
1,Hector Smith,thomas81,thomas81,connor48@example.net,3t1Re&lT$R,1975-07-04,2024-04-08 07:17:46,https://mure-bucket.s3.amazonaws.com/cat.69.jpg
1,Melissa Molina,jared88,jared88,comptonlee@example.org,u%8VfPSOoy,1971-10-26,2024-03-18 20:13:29,https://mure-bucket.s3.amazonaws.com/dog.33.jpg
1,Tyler Thomas DVM,monroewesley,monroewesley,joshua08@example.net,lHT!9W^ekq,1958-07-25,2024-02-08 22:25:05,https://mure-bucket.s3.amazonaws.com/dog.44.jpg
1,Raymond Hernandez,downsgary,downsgary,lpadilla@example.net,!2C2GlOYDE,1998-07-05,2024-07-15 12:09:06,https://mure-bucket.s3.amazonaws.com/dog.8.jpg
1,Mr. Martin Weaver MD,mendezjennifer,mendezjennifer,andrew33@example.com,p0)5HricY&,1961-03-17,2024-04-18 14:17:59,https://mure-bucket.s3.amazonaws.com/dog.44.jpg
1,Renee Duffy,allison06,allison06,nathankaiser@example.net,JeQLTpbs#4,1961-01-20,2024-02-25 08:38:50,https://mure-bucket.s3.amazonaws.com/rider-56.jpg
1,Megan Wilkinson,garciakatelyn,garciakatelyn,gonzalezkevin@example.com,6nr6b!Wg*$,1992-04-03,2024-06-14 12:01:28,https://mure-bucket.s3.amazonaws.com/rider-76.jpg
1,Eduardo Davis,dennis26,dennis26,edward25@example.net,H9nC84c+#4,1991-05-30,2024-05-07 21:27:39,https://mure-bucket.s3.amazonaws.com/dog.175.jpg
1,Daniel Hall,sara14,sara14,xzimmerman@example.net,skA5uCkp(r,1967-01-25,2024-03-02 14:39:01,https://mure-bucket.s3.amazonaws.com/dog.35.jpg
1,Holly Blair,brownchristopher,brownchristopher,stevenwilliams@example.net,*b)p6MGkZS,1967-05-09,2024-02-26 02:25:02,https://mure-bucket.s3.amazonaws.com/cat.7.jpg
1,Christopher Hernandez,donaldwheeler,donaldwheeler,ricejennifer@example.org,koPk8Jd4p_,1962-01-17,2024-04-02 18:27:42,https://mure-bucket.s3.amazonaws.com/dog.49.jpg
1,Brian Reynolds,andrewsmith,andrewsmith,nsims@example.net,2Dl&J$b6!2,2008-01-05,2024-03-05 11:45:07,https://mure-bucket.s3.amazonaws.com/rider-109.jpg
1,Evan Pitts,duarterobert,duarterobert,greese@example.net,Yjc5LAq5I^,2006-08-10,2024-01-05 03:41:52,https://mure-bucket.s3.amazonaws.com/cat.136.jpg
1,Wendy Hopkins,michelle30,michelle30,garyroberts@example.com,ZGBPb_nm!8,2002-12-23,2024-01-09 05:27:10,https://mure-bucket.s3.amazonaws.com/cat.52.jpg
1,Amy Mcdonald,krowland,krowland,davislaurie@example.net,+48ZAgoheq,1980-10-04,2024-02-02 11:01:23,https://mure-bucket.s3.amazonaws.com/rider-154.jpg
1,Dan Moore,linda38,linda38,walkerlucas@example.com,5XdIHo9rG#,2000-06-09,2024-07-12 09:56:32,https://mure-bucket.s3.amazonaws.com/rider-115.jpg
1,Donna Calhoun,isabellaroberson,isabellaroberson,thomas07@example.org,e8Z)GgV9(1,2014-05-04,2024-03-16 23:51:14,https://mure-bucket.s3.amazonaws.com/dog.181.jpg
1,Morgan Ellis,zromero,zromero,hughessusan@example.net,eX6LSu*g_%,1999-04-27,2024-02-09 09:14:43,https://mure-bucket.s3.amazonaws.com/rider-193.jpg
1,Sean Graham,nicholasatkins,nicholasatkins,meredith61@example.net,p*Os(^eA^7,1981-10-10,2024-01-24 13:56:09,https://mure-bucket.s3.amazonaws.com/rider-91.jpg
1,Jacob Cole,smithsarah,smithsarah,johnstammy@example.org,)q2MR9Ppzi,2000-09-19,2024-02-17 12:40:06,https://mure-bucket.s3.amazonaws.com/rider-125.jpg
1,Melissa Carter,millerjimmy,millerjimmy,enewton@example.com,_73XPWsXj*,2006-07-01,2024-03-03 01:25:03,https://mure-bucket.s3.amazonaws.com/cat.92.jpg
1,Christine Smith,taylorharrison,taylorharrison,blong@example.org,I$2YApjX_1,1968-04-12,2024-05-04 05:20:42,https://mure-bucket.s3.amazonaws.com/rider-29.jpg
1,James Singleton,velezjessica,velezjessica,dukejennifer@example.net,#1Li*Qp_VH,2014-06-12,2024-02-10 05:19:30,https://mure-bucket.s3.amazonaws.com/cat.37.jpg
1,Patricia Brooks,nmccarty,nmccarty,laura41@example.com,wS3LJ6Hz%!,2009-07-24,2024-06-06 05:43:57,https://mure-bucket.s3.amazonaws.com/rider-194.jpg
1,Jessica Harrison,akoch,akoch,lhoffman@example.com,ws)9B%zu+X,1963-01-12,2024-01-13 23:41:05,https://mure-bucket.s3.amazonaws.com/cat.179.jpg
1,Mary Kirk,elizabethhicks,elizabethhicks,stephanie11@example.net,RD2iYx_zm#,1989-11-16,2024-02-01 23:03:46,https://mure-bucket.s3.amazonaws.com/rider-35.jpg
1,Steven Lee Jr.,velazquezrichard,velazquezrichard,whitekenneth@example.com,$#^0FcSo6a,2003-06-19,2024-07-12 22:31:58,https://mure-bucket.s3.amazonaws.com/dog.108.jpg
1,Nicholas Ryan,snyderjacqueline,snyderjacqueline,michael60@example.org,E$8)CZUdBq,2013-07-30,2024-06-08 09:26:15,https://mure-bucket.s3.amazonaws.com/dog.71.jpg
1,Samantha Guzman,kennedykenneth,kennedykenneth,aaron96@example.com,!HpG7ldY7W,2009-01-31,2024-03-16 19:20:36,https://mure-bucket.s3.amazonaws.com/rider-111.jpg
1,Samantha Young,zmarshall,zmarshall,chanadrian@example.com,K*ix4lXvnr,1998-12-21,2024-03-26 05:03:40,https://mure-bucket.s3.amazonaws.com/dog.9.jpg
1,Jonathan Carter,brittanyanderson,brittanyanderson,evanskara@example.org,(0REvohTf9,1961-12-24,2024-04-23 12:12:01,https://mure-bucket.s3.amazonaws.com/dog.94.jpg
1,Kendra Allen,davidroberts,davidroberts,fullerblake@example.net,tv5L+A&h$J,2013-06-27,2024-03-20 03:33:02,https://mure-bucket.s3.amazonaws.com/dog.153.jpg
1,Amanda Cantu,lynchgary,lynchgary,danielle80@example.net,*GIV4Nx8Mh,1962-01-17,2024-02-24 15:11:08,https://mure-bucket.s3.amazonaws.com/cat.99.jpg
1,Angela Kelley,russellfisher,russellfisher,jamie49@example.org,@qKyrJwSG8,1995-06-11,2024-01-03 19:40:23,https://mure-bucket.s3.amazonaws.com/cat.60.jpg
1,Robin Velasquez,hperry,hperry,patrickmartin@example.net,L69(LVlx@F,1961-08-04,2024-04-15 01:25:00,https://mure-bucket.s3.amazonaws.com/cat.160.jpg
1,Rebecca Martin,iwood,iwood,campbellwalter@example.net,N5pEZK#l^T,1992-06-09,2024-07-01 14:51:03,https://mure-bucket.s3.amazonaws.com/dog.100.jpg
1,Katherine Shaffer,wilkersongregory,wilkersongregory,kennethboyd@example.com,VLd2erDgN^,2005-11-05,2024-02-10 19:21:45,https://mure-bucket.s3.amazonaws.com/dog.109.jpg
1,Autumn Donovan,bmoore,bmoore,zunigajessica@example.net,8iJaGyjj*Z,2001-01-17,2024-02-29 16:39:30,https://mure-bucket.s3.amazonaws.com/dog.107.jpg
1,April Turner,afrench,afrench,isaackoch@example.org,%E&5TnDmrw,1977-11-16,2024-02-03 12:28:35,https://mure-bucket.s3.amazonaws.com/rider-143.jpg
1,William Rios,gregory76,gregory76,matthew22@example.org,J(5$MQGgbn,2005-05-12,2024-06-15 04:50:59,https://mure-bucket.s3.amazonaws.com/rider-8.jpg
1,Kimberly Smith,chadlopez,chadlopez,robertstyler@example.com,b!!$8Epc#w,2011-03-07,2024-04-21 10:20:21,https://mure-bucket.s3.amazonaws.com/dog.49.jpg
1,James Miles,john23,john23,andrea65@example.org,$8RwqwLE^x,1975-08-03,2024-01-07 03:54:56,https://mure-bucket.s3.amazonaws.com/cat.86.jpg
1,Brian Ward,nathaniel18,nathaniel18,zsutton@example.com,+9GOp$aWtZ,1983-12-03,2024-01-07 14:56:49,https://mure-bucket.s3.amazonaws.com/cat.11.jpg
1,Mr. Patrick Sutton,nwillis,nwillis,jthompson@example.net,O@4OvbBCWW,1971-09-23,2024-02-18 20:22:45,https://mure-bucket.s3.amazonaws.com/cat.127.jpg
1,James Johnson,deanna86,deanna86,robertvaldez@example.org,3k1t1tUc(P,1993-06-09,2024-04-01 22:41:40,https://mure-bucket.s3.amazonaws.com/dog.54.jpg
1,Melissa Sanders,norrisbenjamin,norrisbenjamin,richardsonkaitlyn@example.net,(kd3A!nqg#,2000-07-17,2024-01-13 00:53:44,https://mure-bucket.s3.amazonaws.com/cat.132.jpg
1,Dennis Long,grimesrobert,grimesrobert,michaelchavez@example.org,*20h6C5ySQ,1970-09-06,2024-02-28 11:49:03,https://mure-bucket.s3.amazonaws.com/cat.125.jpg
1,Valerie Branch,beverly12,beverly12,alexander10@example.net,8+8cnL7gjs,1967-06-16,2024-07-03 18:04:26,https://mure-bucket.s3.amazonaws.com/dog.72.jpg
1,Mary Stuart,brucemaureen,brucemaureen,davidfoley@example.net,*%C9GzL$BI,1963-01-04,2024-06-27 17:07:43,https://mure-bucket.s3.amazonaws.com/dog.39.jpg
1,Eric Watson,chelsea05,chelsea05,pspencer@example.org,G@_6D&2iBJ,1972-02-15,2024-05-29 19:27:54,https://mure-bucket.s3.amazonaws.com/dog.121.jpg
1,Whitney Ashley,qlewis,qlewis,amartin@example.com,PWjTbYV)$5,1973-11-13,2024-04-25 18:18:10,https://mure-bucket.s3.amazonaws.com/rider-58.jpg
1,Kaitlyn Ferguson,eric22,eric22,stephen35@example.com,w^C9bA1xQD,1979-09-08,2024-02-25 10:03:12,https://mure-bucket.s3.amazonaws.com/rider-79.jpg
1,Mary Reynolds,michael15,michael15,uwhite@example.com,*W6EaeRuc&,1963-01-15,2024-02-29 08:16:29,https://mure-bucket.s3.amazonaws.com/rider-90.jpg
1,Thomas Porter,teresa15,teresa15,kimberlyblackburn@example.com,*M)42DLkJk,1959-08-25,2024-01-06 23:18:34,https://mure-bucket.s3.amazonaws.com/rider-133.jpg
1,Cynthia Silva,james75,james75,john44@example.com,nn9Sq!MlV+,1982-04-05,2024-04-10 05:38:54,https://mure-bucket.s3.amazonaws.com/rider-53.jpg
1,Joseph Berg,hsmith,hsmith,rachel10@example.org,5^8nJJUeA2,1989-05-29,2024-04-21 15:04:59,https://mure-bucket.s3.amazonaws.com/cat.22.jpg
1,Tyler Wilson,avasquez,avasquez,qnguyen@example.net,TL797Ot6!C,2003-03-01,2024-01-29 02:35:22,https://mure-bucket.s3.amazonaws.com/dog.131.jpg
1,Lauren Hamilton,whitneyhenry,whitneyhenry,george19@example.org,!MloCXk%3_,1982-05-10,2024-03-13 09:16:16,https://mure-bucket.s3.amazonaws.com/cat.43.jpg
1,Veronica Gonzales,andrewsashley,andrewsashley,alexaowens@example.com,&nZd#)Og9b,2011-10-08,2024-02-19 10:48:50,https://mure-bucket.s3.amazonaws.com/rider-82.jpg
1,Cynthia Hernandez,mitchelljill,mitchelljill,frose@example.org,9@+4OwNfqN,1968-12-26,2024-05-14 20:07:38,https://mure-bucket.s3.amazonaws.com/dog.200.jpg
1,Carol Stevens,normandavidson,normandavidson,patrickrodriguez@example.org,vDp^LYNe+3,2013-12-27,2024-01-01 06:00:34,https://mure-bucket.s3.amazonaws.com/dog.193.jpg
1,Donna Fields,jdixon,jdixon,moodyjonathan@example.net,89esGBdQ@u,1995-12-01,2024-06-30 05:51:49,https://mure-bucket.s3.amazonaws.com/dog.61.jpg
1,Taylor Harrington,xmcclure,xmcclure,james03@example.org,U*3gBEm*B^,1975-08-11,2024-03-09 22:24:42,https://mure-bucket.s3.amazonaws.com/cat.176.jpg
1,Paul Johnson,parkerashley,parkerashley,gmanning@example.com,_yRcMjnv75,1995-06-06,2024-06-15 19:58:36,https://mure-bucket.s3.amazonaws.com/dog.44.jpg
1,Brittany Fuentes,erikpaul,erikpaul,kennethmendoza@example.com,T0LIKLYa*b,1983-11-19,2024-04-18 06:15:58,https://mure-bucket.s3.amazonaws.com/cat.121.jpg
1,Frank Clark,renee36,renee36,lopezbriana@example.com,!kNsg@CPL3,2013-03-26,2024-02-27 16:07:26,https://mure-bucket.s3.amazonaws.com/dog.44.jpg
1,Jason Lewis,elizabeth73,elizabeth73,angela39@example.net,_5uW2H+cq$,1984-10-01,2024-02-07 02:38:01,https://mure-bucket.s3.amazonaws.com/cat.85.jpg
1,Kristen Moore,mmartin,mmartin,lawsoncarol@example.org,PocB3QIf(_,1956-09-28,2024-03-01 20:20:07,https://mure-bucket.s3.amazonaws.com/rider-124.jpg
1,Nicholas Thompson,katrinabaker,katrinabaker,johnsonjamie@example.net,P71Th0uD*n,1961-11-03,2024-01-30 10:21:59,https://mure-bucket.s3.amazonaws.com/rider-76.jpg
1,James George,mgonzales,mgonzales,christopherburnett@example.net,14BzCjEK(E,1960-02-06,2024-05-13 09:58:38,https://mure-bucket.s3.amazonaws.com/rider-92.jpg
1,Mary Jimenez,campbellcesar,campbellcesar,daniel50@example.net,r*5U7FrT#r,1998-04-27,2024-04-26 03:09:07,https://mure-bucket.s3.amazonaws.com/dog.5.jpg
1,Tamara Fitzgerald,vancesusan,vancesusan,thorntonlisa@example.com,%+1Tav@B0M,1988-09-22,2024-04-02 16:07:43,https://mure-bucket.s3.amazonaws.com/dog.44.jpg
1,Elizabeth Green,herringsherry,herringsherry,turnerryan@example.com,(*Qz5GKyxg,2003-01-25,2024-04-18 14:47:21,https://mure-bucket.s3.amazonaws.com/dog.11.jpg
1,Alexa Solomon,qkennedy,qkennedy,andrew71@example.org,b003V2O((y,2000-03-14,2024-06-02 13:08:41,https://mure-bucket.s3.amazonaws.com/cat.28.jpg
1,Kevin Wilkins,heather29,heather29,tlarsen@example.org,9jCk(FFw!e,1990-08-27,2024-02-04 09:12:01,https://mure-bucket.s3.amazonaws.com/dog.114.jpg
1,Lauren Butler,parkerdillon,parkerdillon,troy90@example.net,#0DFwA&Oz2,1998-01-09,2024-05-15 05:12:29,https://mure-bucket.s3.amazonaws.com/rider-87.jpg
1,Tina Martin,downsjoseph,downsjoseph,davidsonjoshua@example.org,YO28OpkO^7,1965-09-24,2024-02-15 06:38:17,https://mure-bucket.s3.amazonaws.com/dog.84.jpg
1,Shirley Powell,sabrina68,sabrina68,hunter92@example.net,0%p0G3rOhf,2002-09-19,2024-03-03 12:30:50,https://mure-bucket.s3.amazonaws.com/dog.162.jpg
1,Jasmine Ramos,elopez,elopez,stacywilliams@example.net,Y5MEE!di*E,1981-10-03,2024-07-11 12:16:55,https://mure-bucket.s3.amazonaws.com/dog.179.jpg
1,Levi Brewer,wshaw,wshaw,zjohnson@example.net,giMrqV%v)0,1987-11-15,2024-06-25 18:42:12,https://mure-bucket.s3.amazonaws.com/rider-113.jpg
1,Jenna Bell,danielsjennifer,danielsjennifer,pgraves@example.com,mQ8Wj5Mf#4,1968-09-30,2024-02-07 22:59:39,https://mure-bucket.s3.amazonaws.com/dog.148.jpg
1,Edward Swanson,bowersdavid,bowersdavid,sanchezdevon@example.net,jIAecbH2%2,1955-08-29,2024-07-02 04:21:57,https://mure-bucket.s3.amazonaws.com/dog.120.jpg
1,Alicia Mathis,tabitha41,tabitha41,peckerica@example.com,%3OX79Jqiq,1962-05-12,2024-05-25 11:26:55,https://mure-bucket.s3.amazonaws.com/rider-19.jpg
1,Eric Lutz,bflynn,bflynn,castillolinda@example.com,#3eW^Rr@K&,1989-03-21,2024-01-01 03:01:47,https://mure-bucket.s3.amazonaws.com/rider-86.jpg
1,Holly Matthews,katherineboone,katherineboone,hwalton@example.net,7t7Fl)5Fs!,1979-04-06,2024-05-15 11:57:33,https://mure-bucket.s3.amazonaws.com/cat.32.jpg
1,Sandra Martinez,jessica52,jessica52,josephellis@example.org,$a1RB5ae!_,1962-08-19,2024-06-09 01:32:02,https://mure-bucket.s3.amazonaws.com/cat.153.jpg
1,Timothy Harvey,hhall,hhall,vadams@example.com,$lW4Tl3b*6,1968-01-19,2024-01-28 06:51:09,https://mure-bucket.s3.amazonaws.com/rider-170.jpg
1,Cindy Wilkinson,vmorse,vmorse,zperry@example.net,apH0*7TwZ+,1995-04-23,2024-04-09 22:17:16,https://mure-bucket.s3.amazonaws.com/cat.184.jpg
1,Jeffrey Miles,weaverkatherine,weaverkatherine,xclark@example.org,b0TlvfqT)Z,1993-06-16,2024-06-09 02:00:32,https://mure-bucket.s3.amazonaws.com/dog.33.jpg
1,Tyler Park,gilbertkatherine,gilbertkatherine,loricarter@example.org,Ej$58MyBw),1999-06-09,2024-01-16 02:28:43,https://mure-bucket.s3.amazonaws.com/cat.8.jpg
1,Dennis Pitts,bradleyraymond,bradleyraymond,hbradley@example.org,_0QyPOQQvA,1965-12-24,2024-06-10 21:38:07,https://mure-bucket.s3.amazonaws.com/rider-108.jpg
1,Robert Miller,michaelmorales,michaelmorales,dorothyfranco@example.com,60*^8MqO@I,1991-05-23,2024-01-27 23:33:40,https://mure-bucket.s3.amazonaws.com/dog.81.jpg
1,Susan Joseph,lmurphy,lmurphy,salinasjeffrey@example.com,)t^R5O9dl7,1965-08-03,2024-01-06 04:58:03,https://mure-bucket.s3.amazonaws.com/cat.31.jpg
1,Michelle Church,arnoldwilliam,arnoldwilliam,rebeccajones@example.net,@@!gB1obD5,1984-08-26,2024-04-05 03:43:46,https://mure-bucket.s3.amazonaws.com/cat.32.jpg
1,Evelyn Jackson,hansennancy,hansennancy,robert39@example.org,802PKXil!X,2002-10-11,2024-07-15 11:07:35,https://mure-bucket.s3.amazonaws.com/dog.9.jpg
1,Carmen Martin,jason93,jason93,vburnett@example.net,(oN1XMWe(s,2005-11-14,2024-02-26 02:26:49,https://mure-bucket.s3.amazonaws.com/cat.78.jpg
1,Jeff Galloway,charles51,charles51,websterthomas@example.net,^wH7XblAx7,2000-02-18,2024-02-23 20:48:58,https://mure-bucket.s3.amazonaws.com/dog.186.jpg
1,Jay Brown,brandon51,brandon51,ktaylor@example.com,jr22)KlgU$,2010-08-11,2024-02-18 21:57:11,https://mure-bucket.s3.amazonaws.com/dog.83.jpg
1,Melissa Espinoza,javier12,javier12,marklee@example.net,$!1Pn0BuN&,1985-06-08,2024-06-06 05:14:28,https://mure-bucket.s3.amazonaws.com/dog.62.jpg
1,Amber Simmons,mferrell,mferrell,tshepherd@example.net,+R36CT%efF,1988-10-18,2024-05-07 05:09:22,https://mure-bucket.s3.amazonaws.com/cat.80.jpg
1,Amy Lang,xmiller,xmiller,wlynch@example.net,F92YM^sv+X,1959-01-16,2024-04-12 22:23:12,https://mure-bucket.s3.amazonaws.com/dog.91.jpg
1,Lori Lee,margaret52,margaret52,patriciabrock@example.org,y_0EDVwVi9,1971-06-23,2024-03-12 02:11:31,https://mure-bucket.s3.amazonaws.com/rider-108.jpg
1,Mr. Patrick Dixon,qwyatt,qwyatt,lopezbarbara@example.com,WdqTz4jT*6,1964-10-30,2024-05-12 11:37:42,https://mure-bucket.s3.amazonaws.com/dog.67.jpg
1,Mrs. Jennifer Fox MD,miranda25,miranda25,josephgoodman@example.net,w$o3TAj9Sq,1966-03-06,2024-03-03 09:34:22,https://mure-bucket.s3.amazonaws.com/cat.18.jpg
1,Edward Reynolds,rodriguezcheryl,rodriguezcheryl,kimberly26@example.net,U0O$7Y7j@J,2008-11-21,2024-04-27 18:18:56,https://mure-bucket.s3.amazonaws.com/cat.40.jpg
1,Stephen Jones,valeriecarroll,valeriecarroll,daviskelsey@example.com,rj4sTuEg%d,1990-12-01,2024-01-06 07:47:39,https://mure-bucket.s3.amazonaws.com/cat.141.jpg
1,Lori Mitchell,whitneyperez,whitneyperez,sextonandrea@example.com,fnPX44Khe!,2005-09-08,2024-01-21 08:48:03,https://mure-bucket.s3.amazonaws.com/dog.187.jpg
1,Jose Goodman,leekayla,leekayla,carolynmiranda@example.org,Aj9WDYLe__,1956-11-29,2024-02-09 23:19:49,https://mure-bucket.s3.amazonaws.com/dog.37.jpg
1,Angela Gonzales,amanda21,amanda21,jonesdestiny@example.net,P3ut8DrSQ_,1991-05-18,2024-05-11 08:00:36,https://mure-bucket.s3.amazonaws.com/rider-129.jpg
1,Steve Davis,lbrown,lbrown,dmartinez@example.net,&0MzY75$+7,1971-07-10,2024-01-17 14:52:59,https://mure-bucket.s3.amazonaws.com/dog.1.jpg
1,Christopher Robinson,curtislisa,curtislisa,vharris@example.org,__1Tc1kr+x,1993-07-21,2024-02-26 18:06:32,https://mure-bucket.s3.amazonaws.com/rider-71.jpg
1,Keith Rodriguez,lisa62,lisa62,xlam@example.org,6*eL!R&r$o,2006-02-06,2024-01-08 19:50:17,https://mure-bucket.s3.amazonaws.com/cat.31.jpg
1,Michael Clay,courtneyroberts,courtneyroberts,mary33@example.org,SoEL^tXY&7,1997-10-23,2024-04-07 21:21:50,https://mure-bucket.s3.amazonaws.com/cat.82.jpg
1,Craig Smith,isaacreed,isaacreed,joellopez@example.org,1H0KDhRFi$,2006-11-15,2024-03-10 11:41:13,https://mure-bucket.s3.amazonaws.com/rider-152.jpg
1,Ashley Taylor,victoria05,victoria05,rmolina@example.com,nSf7WYj9*%,2000-12-30,2024-06-14 07:02:41,https://mure-bucket.s3.amazonaws.com/cat.111.jpg
1,Bobby Miller,kevinjohnson,kevinjohnson,perry87@example.net,!$6RnsOlyC,1967-09-21,2024-06-23 11:43:03,https://mure-bucket.s3.amazonaws.com/rider-185.jpg
1,Janice Chandler,kbailey,kbailey,jaime23@example.com,(6NH0_OmAu,1999-07-01,2024-02-10 22:51:38,https://mure-bucket.s3.amazonaws.com/dog.71.jpg
1,Kimberly Miller,brandonmckinney,brandonmckinney,brandon56@example.net,V_6BLqE@^*,2009-01-07,2024-06-27 19:08:23,https://mure-bucket.s3.amazonaws.com/dog.64.jpg
1,Catherine Alvarez,bdudley,bdudley,vanessa45@example.org,WNYb013d8*,1969-05-03,2024-06-18 16:20:58,https://mure-bucket.s3.amazonaws.com/cat.133.jpg
1,Gregory Rogers,jeremy61,jeremy61,rowedavid@example.org,ROo14Qi#p#,1959-03-10,2024-07-13 17:08:27,https://mure-bucket.s3.amazonaws.com/dog.182.jpg
1,Tracy Rodriguez,andrewmclean,andrewmclean,kelly32@example.org,an*2MDvFU(,2013-02-07,2024-03-31 13:53:46,https://mure-bucket.s3.amazonaws.com/rider-133.jpg
1,Matthew Parker,migueljohnson,migueljohnson,amandayu@example.org,zb4WzTNy(6,2004-01-06,2024-06-13 00:54:44,https://mure-bucket.s3.amazonaws.com/dog.62.jpg
1,Shawn Daniels,paigelopez,paigelopez,allenjacqueline@example.net,$pXtMsnuK2,1986-09-22,2024-04-23 09:41:00,https://mure-bucket.s3.amazonaws.com/cat.105.jpg
1,Stephanie Sanchez,nicholas03,nicholas03,ewhite@example.com,b3*Ocv63$4,1989-04-21,2024-05-01 18:45:54,https://mure-bucket.s3.amazonaws.com/dog.12.jpg
1,Allen Bradford,luis69,luis69,charlesmartinez@example.net,Z7JkMpWm#U,1958-02-19,2024-05-18 21:54:26,https://mure-bucket.s3.amazonaws.com/cat.194.jpg
1,Lisa Mendoza,rsmith,rsmith,mgibson@example.net,&1SgLRTnqs,1976-04-27,2024-01-02 23:26:36,https://mure-bucket.s3.amazonaws.com/rider-126.jpg
1,Bailey Webster,jose23,jose23,mhernandez@example.net,10g9FlK0$5,1992-01-30,2024-06-06 23:35:23,https://mure-bucket.s3.amazonaws.com/dog.157.jpg
1,Melissa Richardson,duncancourtney,duncancourtney,jamie14@example.net,@dWYuOwH^1,1963-02-08,2024-03-06 18:03:22,https://mure-bucket.s3.amazonaws.com/rider-108.jpg
1,Roy Jones,jordanjose,jordanjose,jenniferstewart@example.org,m2rZ*Sqf#8,1981-04-30,2024-03-12 20:00:04,https://mure-bucket.s3.amazonaws.com/cat.173.jpg
1,Jasmine Johnson MD,yvettegarcia,yvettegarcia,monicaaguilar@example.org,9%85cUtMap,1986-05-09,2024-03-28 00:25:26,https://mure-bucket.s3.amazonaws.com/dog.11.jpg
1,Lisa Foster,walkerkathleen,walkerkathleen,pgonzalez@example.com,+pp4AvxCWG,1993-11-13,2024-03-31 12:01:01,https://mure-bucket.s3.amazonaws.com/dog.27.jpg
1,Peggy Bowen,jilldavis,jilldavis,sonia40@example.org,o+7K1UMWoi,1968-11-20,2024-04-05 01:14:03,https://mure-bucket.s3.amazonaws.com/dog.10.jpg
1,Jennifer Bright,susanayala,susanayala,rhorton@example.net,2(5q@oFl0$,2010-05-29,2024-03-08 06:37:35,https://mure-bucket.s3.amazonaws.com/cat.76.jpg
1,Christopher Clarke,michaeljones,michaeljones,foleyrobin@example.com,_70ID0Cy7#,1984-08-14,2024-05-22 11:31:32,https://mure-bucket.s3.amazonaws.com/rider-197.jpg
1,Jonathon Jacobs,raymondduncan,raymondduncan,daniel52@example.net,rA70_Ab%p&,2002-05-03,2024-06-23 18:27:16,https://mure-bucket.s3.amazonaws.com/rider-179.jpg
1,Jacob Whitney,kimberly46,kimberly46,uwilliams@example.com,n^842QtCl*,1961-12-10,2024-05-23 16:52:51,https://mure-bucket.s3.amazonaws.com/cat.192.jpg
1,Mary White,trevorthomas,trevorthomas,carol57@example.com,^6d*EuaI3F,1962-02-13,2024-03-17 02:09:33,https://mure-bucket.s3.amazonaws.com/cat.160.jpg
1,Mrs. Bridget Casey,uwells,uwells,marilyn25@example.org,f$(0nWsB&$,2013-08-12,2024-05-06 20:15:59,https://mure-bucket.s3.amazonaws.com/rider-169.jpg
1,Brian Nelson,andrea89,andrea89,gutierreznoah@example.com,(^ELOJYm$1,1965-09-28,2024-02-17 10:32:34,https://mure-bucket.s3.amazonaws.com/rider-17.jpg
1,Kara Edwards,natalie71,natalie71,perryjohnny@example.net,ifH70SDfV!,2004-06-07,2024-02-21 05:14:33,https://mure-bucket.s3.amazonaws.com/rider-86.jpg
1,Martha Allison,palmerjason,palmerjason,rgreen@example.org,&7LnWJhr44,1995-03-19,2024-07-09 21:58:37,https://mure-bucket.s3.amazonaws.com/dog.156.jpg
1,Shari Hart,richard88,richard88,kwalters@example.com,6zAaEEpc^Z,1957-01-24,2024-03-02 10:23:37,https://mure-bucket.s3.amazonaws.com/rider-36.jpg
1,Margaret Adams,ymercado,ymercado,mark84@example.com,_4w@)GHbZ&,2011-07-26,2024-04-18 12:58:58,https://mure-bucket.s3.amazonaws.com/dog.140.jpg
1,James Aguilar,jefferybarnes,jefferybarnes,matthew43@example.com,6yInIeIQ#9,1999-01-06,2024-04-13 22:51:27,https://mure-bucket.s3.amazonaws.com/cat.175.jpg
1,Rachel Ward,jonesdakota,jonesdakota,baxtermichael@example.net,7%0gRGw0lB,2000-11-25,2024-01-28 21:05:15,https://mure-bucket.s3.amazonaws.com/cat.3.jpg
1,James Dillon,brian58,brian58,hmitchell@example.com,+ojykVGR(5,2002-10-01,2024-06-11 15:27:45,https://mure-bucket.s3.amazonaws.com/dog.118.jpg
1,Marie Le,krystal71,krystal71,castroshannon@example.net,jOHONLiQ@7,1992-09-17,2024-07-06 11:42:01,https://mure-bucket.s3.amazonaws.com/dog.90.jpg
1,Robert Vargas,bblake,bblake,brandonthompson@example.org,&0X8PKpQ@7,1969-03-28,2024-06-15 16:27:13,https://mure-bucket.s3.amazonaws.com/cat.15.jpg
1,Stacy Jimenez,justin69,justin69,krystal21@example.org,!R&e2Szq4U,1997-03-30,2024-03-09 00:46:10,https://mure-bucket.s3.amazonaws.com/dog.49.jpg
1,Kathleen Choi,kennethford,kennethford,robertbrown@example.org,Yx!A30RtvZ,2005-12-31,2024-04-30 16:21:13,https://mure-bucket.s3.amazonaws.com/dog.90.jpg
1,Michael Smith,fstark,fstark,jacksoncharles@example.net,@YgNIlRdi5,2002-04-05,2024-05-31 23:09:34,https://mure-bucket.s3.amazonaws.com/rider-157.jpg
1,Marie Lopez,dwatson,dwatson,william52@example.net,@0xCabpH08,1981-08-10,2024-06-14 23:23:59,https://mure-bucket.s3.amazonaws.com/dog.128.jpg
1,Alexander Huynh,michaelgarcia,michaelgarcia,lindsey18@example.com,c1tE&XRi^v,1998-03-20,2024-06-07 13:16:19,https://mure-bucket.s3.amazonaws.com/rider-96.jpg
1,Shawn Miller,moralesjeffery,moralesjeffery,romancassandra@example.org,xN&4PAor++,1963-09-18,2024-01-20 14:10:31,https://mure-bucket.s3.amazonaws.com/cat.193.jpg
1,Dr. Alice Lang MD,gsantos,gsantos,michaelenglish@example.org,K1wKRNFgR@,1980-01-16,2024-02-02 16:04:27,https://mure-bucket.s3.amazonaws.com/rider-200.jpg
1,Peter Crawford,lucas11,lucas11,powellcharles@example.com,PcW2rNtxU!,1968-12-29,2024-01-06 09:31:20,https://mure-bucket.s3.amazonaws.com/cat.142.jpg
1,Erin Daniels,pbarr,pbarr,jacksonyvonne@example.net,_KK1QTw+FX,1979-04-18,2024-06-27 00:08:25,https://mure-bucket.s3.amazonaws.com/cat.194.jpg
1,Brian Ramirez,cartermaurice,cartermaurice,jacoblogan@example.org,WgTiOShC(7,1979-01-08,2024-02-07 13:24:14,https://mure-bucket.s3.amazonaws.com/dog.104.jpg
1,Kimberly Davidson,susan81,susan81,jacksoncharles@example.org,)B5)ZI2zYw,1983-01-06,2024-06-08 09:43:10,https://mure-bucket.s3.amazonaws.com/rider-132.jpg
1,Kristi Cunningham,fowlerjohn,fowlerjohn,wjackson@example.com,*@@4Q!jvA4,1991-09-10,2024-05-08 11:01:50,https://mure-bucket.s3.amazonaws.com/dog.146.jpg
1,Steven Snyder,tinawalker,tinawalker,leahweiss@example.com,)8S9Sg3mT0,1968-12-31,2024-06-13 04:42:15,https://mure-bucket.s3.amazonaws.com/rider-84.jpg
1,Mr. Cameron Robinson,steven86,steven86,pmathis@example.com,4!wU5kYq&b,1961-11-12,2024-06-24 02:00:10,https://mure-bucket.s3.amazonaws.com/cat.80.jpg
1,Robert Fowler,weaverjessica,weaverjessica,johnny38@example.com,@OIIfM6LZ1,1978-06-25,2024-06-25 22:07:22,https://mure-bucket.s3.amazonaws.com/dog.66.jpg
1,Nicole Bowman,lbarron,lbarron,qwatts@example.org,X2WHjt9Q(5,1967-06-09,2024-02-22 14:42:20,https://mure-bucket.s3.amazonaws.com/rider-202.jpg
1,Jill Hill,sbrady,sbrady,kingariana@example.net,zeM1GP(l_R,1986-03-13,2024-03-03 04:44:52,https://mure-bucket.s3.amazonaws.com/cat.15.jpg
1,Jennifer Manning,robinsongeorge,robinsongeorge,rachel26@example.org,V6Qxn)Iq_m,1986-08-21,2024-06-09 05:46:37,https://mure-bucket.s3.amazonaws.com/rider-46.jpg
1,Rachel Parrish,christophergonzalez,christophergonzalez,perezkayla@example.org,$)y8UEwFWL,1959-04-28,2024-05-17 04:11:39,https://mure-bucket.s3.amazonaws.com/dog.184.jpg
1,Jeffrey Hutchinson,tbanks,tbanks,rboyle@example.net,d@F9nb6i^R,1987-08-30,2024-04-29 19:07:47,https://mure-bucket.s3.amazonaws.com/rider-43.jpg
1,Dr. Jon Garcia,bjones,bjones,danielle22@example.net,J&n(3Gby+@,1983-07-05,2024-03-31 20:22:23,https://mure-bucket.s3.amazonaws.com/cat.79.jpg
1,John Richardson,andrew01,andrew01,nguyenkevin@example.com,Y&En8YPfn0,1980-10-08,2024-05-11 01:52:06,https://mure-bucket.s3.amazonaws.com/cat.65.jpg
1,Keith Moreno,ihuang,ihuang,joshuaolson@example.net,!&VVG5bZ4e,1965-12-25,2024-02-06 15:52:31,https://mure-bucket.s3.amazonaws.com/cat.145.jpg
1,Travis Powell,markholmes,markholmes,jacksonterry@example.net,y0nQWXJj!K,1974-03-20,2024-04-16 18:25:20,https://mure-bucket.s3.amazonaws.com/cat.37.jpg
1,Chris Flores,jennifermurphy,jennifermurphy,timothy56@example.org,OL9M!1Nt#8,2012-11-15,2024-03-12 02:19:20,https://mure-bucket.s3.amazonaws.com/cat.60.jpg
1,Deborah Simon,andreahuff,andreahuff,medinalynn@example.com,+BNjA$NZ^8,1959-08-01,2024-07-07 11:17:50,https://mure-bucket.s3.amazonaws.com/rider-36.jpg
1,Suzanne Carter,mirandamoore,mirandamoore,chapmanjames@example.com,G_W5z5!4&3,1976-05-22,2024-06-28 08:11:31,https://mure-bucket.s3.amazonaws.com/dog.19.jpg
1,Mrs. Tanya Nguyen,joshuawade,joshuawade,lbenton@example.com,!1H!VkNkmZ,1998-09-16,2024-01-22 01:30:46,https://mure-bucket.s3.amazonaws.com/cat.39.jpg
1,Jon Romero,brownmatthew,brownmatthew,montoyasarah@example.com,_Q81LVEt!j,1968-02-13,2024-06-07 18:09:17,https://mure-bucket.s3.amazonaws.com/rider-173.jpg
1,Justin Grant,eking,eking,davidwalter@example.org,YRJOEbUi+9,1977-11-25,2024-03-15 07:00:44,https://mure-bucket.s3.amazonaws.com/rider-199.jpg
1,Brian Allen,solisjudith,solisjudith,christinejackson@example.net,#T9T8(p&HP,1969-04-18,2024-05-09 23:53:26,https://mure-bucket.s3.amazonaws.com/cat.164.jpg
1,Erin Ruiz,michael29,michael29,navarrodavid@example.net,8!A2fFypZ4,1962-02-11,2024-05-04 22:21:41,https://mure-bucket.s3.amazonaws.com/cat.4.jpg
1,Melissa Miller,bramirez,bramirez,fmiller@example.com,@4n+UG3kUu,1989-07-13,2024-02-08 17:52:59,https://mure-bucket.s3.amazonaws.com/rider-56.jpg
1,Allen Garcia,ibaker,ibaker,keyjames@example.com,H^m492Um1F,1981-12-01,2024-06-01 18:48:58,https://mure-bucket.s3.amazonaws.com/dog.47.jpg
1,Christopher Saunders,rstevens,rstevens,mmcgee@example.net,#9N+^zHDJc,1990-07-24,2024-06-18 00:02:50,https://mure-bucket.s3.amazonaws.com/rider-59.jpg
1,Brian Taylor,brandyshaw,brandyshaw,alyssapage@example.net,j(3XUXen6&,1998-04-29,2024-04-20 06:19:23,https://mure-bucket.s3.amazonaws.com/dog.175.jpg
1,Steven White,annegriffin,annegriffin,tammy80@example.org,#opy2Kks*@,2012-12-15,2024-05-10 00:02:02,https://mure-bucket.s3.amazonaws.com/rider-121.jpg
1,Melinda Carr,patrick27,patrick27,jonathansullivan@example.org,*6P_Xus55J,2006-05-20,2024-06-16 07:45:01,https://mure-bucket.s3.amazonaws.com/rider-1.jpg
1,Dr. Andrea Bryant,barnesronnie,barnesronnie,james82@example.org,)G*FSwudn2,1993-12-07,2024-05-01 18:31:11,https://mure-bucket.s3.amazonaws.com/dog.171.jpg
1,Stanley Wong,perezjared,perezjared,apriljimenez@example.com,+9nK5qjN)z,1994-10-03,2024-03-23 02:10:34,https://mure-bucket.s3.amazonaws.com/dog.91.jpg
1,Shelia Roach,snowkristin,snowkristin,eturner@example.net,g^Se+Vpi@4,1955-04-09,2024-06-17 17:08:10,https://mure-bucket.s3.amazonaws.com/cat.43.jpg
1,Kathleen Poole,davidpratt,davidpratt,timothy63@example.org,#LeJBhmv_5,1997-05-12,2024-04-06 02:04:58,https://mure-bucket.s3.amazonaws.com/rider-45.jpg
1,Kelly Drake,natalie28,natalie28,christopher17@example.org,_L0C!3Cv)s,1980-08-14,2024-02-22 17:14:16,https://mure-bucket.s3.amazonaws.com/dog.100.jpg
1,Molly Greer,tyler43,tyler43,lowemichael@example.net,@MU2gWfa*),2011-08-13,2024-05-09 22:59:17,https://mure-bucket.s3.amazonaws.com/cat.188.jpg
1,Alexis Stafford,luis23,luis23,carolyncarlson@example.net,*o1BBMftM^,1983-12-12,2024-02-15 01:02:27,https://mure-bucket.s3.amazonaws.com/dog.198.jpg
1,Mark Edwards,rodriguezlindsay,rodriguezlindsay,cheryl16@example.net,j19R1Je8_z,1969-06-02,2024-02-19 00:06:32,https://mure-bucket.s3.amazonaws.com/dog.141.jpg
1,Christopher Walker,robertsmarie,robertsmarie,kimberly98@example.org,a7%1MkOa_q,2013-03-16,2024-06-06 09:29:52,https://mure-bucket.s3.amazonaws.com/rider-128.jpg
1,Kristopher Snyder,susanross,susanross,ejordan@example.net,N+*4LbD_r),1999-08-19,2024-01-26 05:08:50,https://mure-bucket.s3.amazonaws.com/cat.72.jpg
1,Jennifer Acevedo,xsanders,xsanders,nfarmer@example.com,*F8So0vcp8,1962-07-04,2024-02-01 22:56:48,https://mure-bucket.s3.amazonaws.com/cat.199.jpg
1,Anthony Craig,victor90,victor90,mitchellsmith@example.net,&!2R$GoD94,1968-10-12,2024-01-03 02:21:43,https://mure-bucket.s3.amazonaws.com/rider-73.jpg
1,Connie Johnson,erios,erios,hernandezkevin@example.net,7k5V0Btf&i,1996-07-10,2024-02-22 03:48:11,https://mure-bucket.s3.amazonaws.com/dog.107.jpg
1,Nicholas Walker,ashleygray,ashleygray,davidturner@example.net,e(v8Cce#hX,1991-11-18,2024-04-22 23:27:57,https://mure-bucket.s3.amazonaws.com/dog.29.jpg
1,Nicholas Gardner,ddiaz,ddiaz,martinezlaura@example.com,@!1Mx#ar!V,2000-08-31,2024-01-22 13:18:55,https://mure-bucket.s3.amazonaws.com/dog.115.jpg
1,Angel Barber,lisaguzman,lisaguzman,logansmith@example.com,!hKv+AsT%2,1968-07-20,2024-05-23 05:45:03,https://mure-bucket.s3.amazonaws.com/rider-11.jpg
1,Rebecca Wood,jenniferflowers,jenniferflowers,stacy38@example.com,d&d6!K(52u,1990-10-27,2024-05-28 03:42:36,https://mure-bucket.s3.amazonaws.com/rider-163.jpg
1,Brent Ayers,stoneandrea,stoneandrea,jeffery79@example.org,Zjs7wU$I$4,2006-10-17,2024-05-18 04:53:48,https://mure-bucket.s3.amazonaws.com/dog.138.jpg
1,Brian Baker,rmartinez,rmartinez,anngreen@example.org,1^b$2@xogD,1993-05-13,2024-05-10 09:31:53,https://mure-bucket.s3.amazonaws.com/dog.66.jpg
1,John Anderson,lsmith,lsmith,lclark@example.net,$zBK8l+_31,1990-10-08,2024-07-03 14:51:40,https://mure-bucket.s3.amazonaws.com/cat.53.jpg
1,Robert Johnson,idavis,idavis,williamsonmatthew@example.org,LMhy6zGfF+,1957-12-14,2024-01-02 04:12:23,https://mure-bucket.s3.amazonaws.com/dog.180.jpg
1,Peggy Blake,mcdonaldpatricia,mcdonaldpatricia,shannonsimpson@example.net,N#UMW6Es@E,1971-12-25,2024-04-22 18:34:33,https://mure-bucket.s3.amazonaws.com/cat.34.jpg
1,Danielle Knox,bfreeman,bfreeman,carsonjames@example.com,UU%EC#fa^0,1983-04-18,2024-06-12 11:13:12,https://mure-bucket.s3.amazonaws.com/cat.107.jpg
1,Amy Fisher,parkerlindsey,parkerlindsey,jensentiffany@example.net,))Txm3Ruq&,2011-07-12,2024-01-24 05:49:11,https://mure-bucket.s3.amazonaws.com/rider-63.jpg
1,Steven Dean,mcneillori,mcneillori,tuckerchelsea@example.com,!NIeQuCyx6,2001-02-17,2024-07-16 06:29:56,https://mure-bucket.s3.amazonaws.com/rider-166.jpg
1,Kevin Sharp,patrickgreen,patrickgreen,christinafowler@example.com,Q+7TnNvX%L,1996-09-20,2024-02-29 06:01:33,https://mure-bucket.s3.amazonaws.com/cat.161.jpg
1,Cameron Wells MD,jessica34,jessica34,nicholas47@example.org,hw7UNMT8b%,1980-05-02,2024-06-22 04:42:29,https://mure-bucket.s3.amazonaws.com/rider-198.jpg
1,Douglas Lang,ywilliams,ywilliams,duncanmelissa@example.com,%BVv%eCs$7,2008-06-09,2024-02-08 18:40:41,https://mure-bucket.s3.amazonaws.com/dog.128.jpg
